model,success,outcome,analysis,cohort
cox_ipw-cohort_prevax-main-acute_pancreatitis,TRUE,acute_pancreatitis,main,prevax
cox_ipw-cohort_prevax-main-appendicitis,TRUE,appendicitis,main,prevax
cox_ipw-cohort_prevax-main-dyspepsia,TRUE,dyspepsia,main,prevax
cox_ipw-cohort_prevax-main-gallstones_disease,TRUE,gallstones_disease,main,prevax
cox_ipw-cohort_prevax-main-gastro_oesophageal_reflux_disease,TRUE,gastro_oesophageal_reflux_disease,main,prevax
cox_ipw-cohort_prevax-main-ibs,TRUE,ibs,main,prevax
cox_ipw-cohort_prevax-main-lower_gi_bleeding,TRUE,lower_gi_bleeding,main,prevax
cox_ipw-cohort_prevax-main-nonalcoholic_steatohepatitis,TRUE,nonalcoholic_steatohepatitis,main,prevax
cox_ipw-cohort_prevax-main-nonvariceal_gi_bleeding,TRUE,nonvariceal_gi_bleeding,main,prevax
cox_ipw-cohort_prevax-main-peptic_ulcer,TRUE,peptic_ulcer,main,prevax
cox_ipw-cohort_prevax-main-upper_gi_bleeding,TRUE,upper_gi_bleeding,main,prevax
cox_ipw-cohort_prevax-main-variceal_gi_bleeding,TRUE,variceal_gi_bleeding,main,prevax
cox_ipw-cohort_unvax-main-acute_pancreatitis,TRUE,acute_pancreatitis,main,unvax
cox_ipw-cohort_unvax-main-appendicitis,TRUE,appendicitis,main,unvax
cox_ipw-cohort_unvax-main-dyspepsia,TRUE,dyspepsia,main,unvax
cox_ipw-cohort_unvax-main-gallstones_disease,TRUE,gallstones_disease,main,unvax
cox_ipw-cohort_unvax-main-gastro_oesophageal_reflux_disease,TRUE,gastro_oesophageal_reflux_disease,main,unvax
cox_ipw-cohort_unvax-main-ibs,TRUE,ibs,main,unvax
cox_ipw-cohort_unvax-main-lower_gi_bleeding,TRUE,lower_gi_bleeding,main,unvax
cox_ipw-cohort_unvax-main-nonalcoholic_steatohepatitis,TRUE,nonalcoholic_steatohepatitis,main,unvax
cox_ipw-cohort_unvax-main-nonvariceal_gi_bleeding,TRUE,nonvariceal_gi_bleeding,main,unvax
cox_ipw-cohort_unvax-main-peptic_ulcer,TRUE,peptic_ulcer,main,unvax
cox_ipw-cohort_unvax-main-upper_gi_bleeding,TRUE,upper_gi_bleeding,main,unvax
cox_ipw-cohort_unvax-main-variceal_gi_bleeding,TRUE,variceal_gi_bleeding,main,unvax
cox_ipw-cohort_vax-main-acute_pancreatitis,TRUE,acute_pancreatitis,main,vax
cox_ipw-cohort_vax-main-appendicitis,TRUE,appendicitis,main,vax
cox_ipw-cohort_vax-main-dyspepsia,TRUE,dyspepsia,main,vax
cox_ipw-cohort_vax-main-gallstones_disease,TRUE,gallstones_disease,main,vax
cox_ipw-cohort_vax-main-gastro_oesophageal_reflux_disease,TRUE,gastro_oesophageal_reflux_disease,main,vax
cox_ipw-cohort_vax-main-ibs,TRUE,ibs,main,vax
cox_ipw-cohort_vax-main-lower_gi_bleeding,TRUE,lower_gi_bleeding,main,vax
cox_ipw-cohort_vax-main-nonalcoholic_steatohepatitis,TRUE,nonalcoholic_steatohepatitis,main,vax
cox_ipw-cohort_vax-main-nonvariceal_gi_bleeding,TRUE,nonvariceal_gi_bleeding,main,vax
cox_ipw-cohort_vax-main-peptic_ulcer,TRUE,peptic_ulcer,main,vax
cox_ipw-cohort_vax-main-upper_gi_bleeding,TRUE,upper_gi_bleeding,main,vax
cox_ipw-cohort_vax-main-variceal_gi_bleeding,TRUE,variceal_gi_bleeding,main,vax
cox_ipw-cohort_prevax-sub_age_18_39-acute_pancreatitis,TRUE,acute_pancreatitis,sub_age_18_39,prevax
cox_ipw-cohort_prevax-sub_age_18_39-appendicitis,TRUE,appendicitis,sub_age_18_39,prevax
cox_ipw-cohort_prevax-sub_age_18_39-dyspepsia,TRUE,dyspepsia,sub_age_18_39,prevax
cox_ipw-cohort_prevax-sub_age_18_39-gallstones_disease,TRUE,gallstones_disease,sub_age_18_39,prevax
cox_ipw-cohort_prevax-sub_age_18_39-gastro_oesophageal_reflux_disease,TRUE,gastro_oesophageal_reflux_disease,sub_age_18_39,prevax
cox_ipw-cohort_prevax-sub_age_18_39-ibs,TRUE,ibs,sub_age_18_39,prevax
cox_ipw-cohort_prevax-sub_age_18_39-lower_gi_bleeding,TRUE,lower_gi_bleeding,sub_age_18_39,prevax
cox_ipw-cohort_prevax-sub_age_18_39-nonalcoholic_steatohepatitis,TRUE,nonalcoholic_steatohepatitis,sub_age_18_39,prevax
cox_ipw-cohort_prevax-sub_age_18_39-nonvariceal_gi_bleeding,TRUE,nonvariceal_gi_bleeding,sub_age_18_39,prevax
cox_ipw-cohort_prevax-sub_age_18_39-peptic_ulcer,TRUE,peptic_ulcer,sub_age_18_39,prevax
cox_ipw-cohort_prevax-sub_age_18_39-upper_gi_bleeding,TRUE,upper_gi_bleeding,sub_age_18_39,prevax
cox_ipw-cohort_prevax-sub_age_18_39-variceal_gi_bleeding,TRUE,variceal_gi_bleeding,sub_age_18_39,prevax
cox_ipw-cohort_unvax-sub_age_18_39-acute_pancreatitis,TRUE,acute_pancreatitis,sub_age_18_39,unvax
cox_ipw-cohort_unvax-sub_age_18_39-appendicitis,TRUE,appendicitis,sub_age_18_39,unvax
cox_ipw-cohort_unvax-sub_age_18_39-dyspepsia,TRUE,dyspepsia,sub_age_18_39,unvax
cox_ipw-cohort_unvax-sub_age_18_39-gallstones_disease,TRUE,gallstones_disease,sub_age_18_39,unvax
cox_ipw-cohort_unvax-sub_age_18_39-gastro_oesophageal_reflux_disease,TRUE,gastro_oesophageal_reflux_disease,sub_age_18_39,unvax
cox_ipw-cohort_unvax-sub_age_18_39-ibs,TRUE,ibs,sub_age_18_39,unvax
cox_ipw-cohort_unvax-sub_age_18_39-lower_gi_bleeding,TRUE,lower_gi_bleeding,sub_age_18_39,unvax
cox_ipw-cohort_unvax-sub_age_18_39-nonalcoholic_steatohepatitis,TRUE,nonalcoholic_steatohepatitis,sub_age_18_39,unvax
cox_ipw-cohort_unvax-sub_age_18_39-nonvariceal_gi_bleeding,TRUE,nonvariceal_gi_bleeding,sub_age_18_39,unvax
cox_ipw-cohort_unvax-sub_age_18_39-peptic_ulcer,TRUE,peptic_ulcer,sub_age_18_39,unvax
cox_ipw-cohort_unvax-sub_age_18_39-upper_gi_bleeding,TRUE,upper_gi_bleeding,sub_age_18_39,unvax
cox_ipw-cohort_unvax-sub_age_18_39-variceal_gi_bleeding,TRUE,variceal_gi_bleeding,sub_age_18_39,unvax
cox_ipw-cohort_vax-sub_age_18_39-acute_pancreatitis,TRUE,acute_pancreatitis,sub_age_18_39,vax
cox_ipw-cohort_vax-sub_age_18_39-appendicitis,TRUE,appendicitis,sub_age_18_39,vax
cox_ipw-cohort_vax-sub_age_18_39-dyspepsia,TRUE,dyspepsia,sub_age_18_39,vax
cox_ipw-cohort_vax-sub_age_18_39-gallstones_disease,TRUE,gallstones_disease,sub_age_18_39,vax
cox_ipw-cohort_vax-sub_age_18_39-gastro_oesophageal_reflux_disease,TRUE,gastro_oesophageal_reflux_disease,sub_age_18_39,vax
cox_ipw-cohort_vax-sub_age_18_39-ibs,TRUE,ibs,sub_age_18_39,vax
cox_ipw-cohort_vax-sub_age_18_39-lower_gi_bleeding,TRUE,lower_gi_bleeding,sub_age_18_39,vax
cox_ipw-cohort_vax-sub_age_18_39-nonalcoholic_steatohepatitis,TRUE,nonalcoholic_steatohepatitis,sub_age_18_39,vax
cox_ipw-cohort_vax-sub_age_18_39-nonvariceal_gi_bleeding,TRUE,nonvariceal_gi_bleeding,sub_age_18_39,vax
cox_ipw-cohort_vax-sub_age_18_39-peptic_ulcer,TRUE,peptic_ulcer,sub_age_18_39,vax
cox_ipw-cohort_vax-sub_age_18_39-upper_gi_bleeding,TRUE,upper_gi_bleeding,sub_age_18_39,vax
cox_ipw-cohort_vax-sub_age_18_39-variceal_gi_bleeding,TRUE,variceal_gi_bleeding,sub_age_18_39,vax
cox_ipw-cohort_prevax-sub_age_40_59-acute_pancreatitis,TRUE,acute_pancreatitis,sub_age_40_59,prevax
cox_ipw-cohort_prevax-sub_age_40_59-appendicitis,TRUE,appendicitis,sub_age_40_59,prevax
cox_ipw-cohort_prevax-sub_age_40_59-dyspepsia,TRUE,dyspepsia,sub_age_40_59,prevax
cox_ipw-cohort_prevax-sub_age_40_59-gallstones_disease,TRUE,gallstones_disease,sub_age_40_59,prevax
cox_ipw-cohort_prevax-sub_age_40_59-gastro_oesophageal_reflux_disease,TRUE,gastro_oesophageal_reflux_disease,sub_age_40_59,prevax
cox_ipw-cohort_prevax-sub_age_40_59-ibs,TRUE,ibs,sub_age_40_59,prevax
cox_ipw-cohort_prevax-sub_age_40_59-lower_gi_bleeding,TRUE,lower_gi_bleeding,sub_age_40_59,prevax
cox_ipw-cohort_prevax-sub_age_40_59-nonalcoholic_steatohepatitis,TRUE,nonalcoholic_steatohepatitis,sub_age_40_59,prevax
cox_ipw-cohort_prevax-sub_age_40_59-nonvariceal_gi_bleeding,TRUE,nonvariceal_gi_bleeding,sub_age_40_59,prevax
cox_ipw-cohort_prevax-sub_age_40_59-peptic_ulcer,TRUE,peptic_ulcer,sub_age_40_59,prevax
cox_ipw-cohort_prevax-sub_age_40_59-upper_gi_bleeding,TRUE,upper_gi_bleeding,sub_age_40_59,prevax
cox_ipw-cohort_prevax-sub_age_40_59-variceal_gi_bleeding,TRUE,variceal_gi_bleeding,sub_age_40_59,prevax
cox_ipw-cohort_unvax-sub_age_40_59-acute_pancreatitis,TRUE,acute_pancreatitis,sub_age_40_59,unvax
cox_ipw-cohort_unvax-sub_age_40_59-appendicitis,TRUE,appendicitis,sub_age_40_59,unvax
cox_ipw-cohort_unvax-sub_age_40_59-dyspepsia,TRUE,dyspepsia,sub_age_40_59,unvax
cox_ipw-cohort_unvax-sub_age_40_59-gallstones_disease,TRUE,gallstones_disease,sub_age_40_59,unvax
cox_ipw-cohort_unvax-sub_age_40_59-gastro_oesophageal_reflux_disease,TRUE,gastro_oesophageal_reflux_disease,sub_age_40_59,unvax
cox_ipw-cohort_unvax-sub_age_40_59-ibs,TRUE,ibs,sub_age_40_59,unvax
cox_ipw-cohort_unvax-sub_age_40_59-lower_gi_bleeding,TRUE,lower_gi_bleeding,sub_age_40_59,unvax
cox_ipw-cohort_unvax-sub_age_40_59-nonalcoholic_steatohepatitis,TRUE,nonalcoholic_steatohepatitis,sub_age_40_59,unvax
cox_ipw-cohort_unvax-sub_age_40_59-nonvariceal_gi_bleeding,TRUE,nonvariceal_gi_bleeding,sub_age_40_59,unvax
cox_ipw-cohort_unvax-sub_age_40_59-peptic_ulcer,TRUE,peptic_ulcer,sub_age_40_59,unvax
cox_ipw-cohort_unvax-sub_age_40_59-upper_gi_bleeding,TRUE,upper_gi_bleeding,sub_age_40_59,unvax
cox_ipw-cohort_unvax-sub_age_40_59-variceal_gi_bleeding,TRUE,variceal_gi_bleeding,sub_age_40_59,unvax
cox_ipw-cohort_vax-sub_age_40_59-acute_pancreatitis,TRUE,acute_pancreatitis,sub_age_40_59,vax
cox_ipw-cohort_vax-sub_age_40_59-appendicitis,TRUE,appendicitis,sub_age_40_59,vax
cox_ipw-cohort_vax-sub_age_40_59-dyspepsia,TRUE,dyspepsia,sub_age_40_59,vax
cox_ipw-cohort_vax-sub_age_40_59-gallstones_disease,TRUE,gallstones_disease,sub_age_40_59,vax
cox_ipw-cohort_vax-sub_age_40_59-gastro_oesophageal_reflux_disease,TRUE,gastro_oesophageal_reflux_disease,sub_age_40_59,vax
cox_ipw-cohort_vax-sub_age_40_59-ibs,TRUE,ibs,sub_age_40_59,vax
cox_ipw-cohort_vax-sub_age_40_59-lower_gi_bleeding,TRUE,lower_gi_bleeding,sub_age_40_59,vax
cox_ipw-cohort_vax-sub_age_40_59-nonalcoholic_steatohepatitis,TRUE,nonalcoholic_steatohepatitis,sub_age_40_59,vax
cox_ipw-cohort_vax-sub_age_40_59-nonvariceal_gi_bleeding,TRUE,nonvariceal_gi_bleeding,sub_age_40_59,vax
cox_ipw-cohort_vax-sub_age_40_59-peptic_ulcer,TRUE,peptic_ulcer,sub_age_40_59,vax
cox_ipw-cohort_vax-sub_age_40_59-upper_gi_bleeding,TRUE,upper_gi_bleeding,sub_age_40_59,vax
cox_ipw-cohort_vax-sub_age_40_59-variceal_gi_bleeding,TRUE,variceal_gi_bleeding,sub_age_40_59,vax
cox_ipw-cohort_prevax-sub_age_60_79-acute_pancreatitis,TRUE,acute_pancreatitis,sub_age_60_79,prevax
cox_ipw-cohort_prevax-sub_age_60_79-appendicitis,TRUE,appendicitis,sub_age_60_79,prevax
cox_ipw-cohort_prevax-sub_age_60_79-dyspepsia,TRUE,dyspepsia,sub_age_60_79,prevax
cox_ipw-cohort_prevax-sub_age_60_79-gallstones_disease,TRUE,gallstones_disease,sub_age_60_79,prevax
cox_ipw-cohort_prevax-sub_age_60_79-gastro_oesophageal_reflux_disease,TRUE,gastro_oesophageal_reflux_disease,sub_age_60_79,prevax
cox_ipw-cohort_prevax-sub_age_60_79-ibs,TRUE,ibs,sub_age_60_79,prevax
cox_ipw-cohort_prevax-sub_age_60_79-lower_gi_bleeding,TRUE,lower_gi_bleeding,sub_age_60_79,prevax
cox_ipw-cohort_prevax-sub_age_60_79-nonalcoholic_steatohepatitis,TRUE,nonalcoholic_steatohepatitis,sub_age_60_79,prevax
cox_ipw-cohort_prevax-sub_age_60_79-nonvariceal_gi_bleeding,TRUE,nonvariceal_gi_bleeding,sub_age_60_79,prevax
cox_ipw-cohort_prevax-sub_age_60_79-peptic_ulcer,TRUE,peptic_ulcer,sub_age_60_79,prevax
cox_ipw-cohort_prevax-sub_age_60_79-upper_gi_bleeding,TRUE,upper_gi_bleeding,sub_age_60_79,prevax
cox_ipw-cohort_prevax-sub_age_60_79-variceal_gi_bleeding,TRUE,variceal_gi_bleeding,sub_age_60_79,prevax
cox_ipw-cohort_unvax-sub_age_60_79-acute_pancreatitis,TRUE,acute_pancreatitis,sub_age_60_79,unvax
cox_ipw-cohort_unvax-sub_age_60_79-appendicitis,TRUE,appendicitis,sub_age_60_79,unvax
cox_ipw-cohort_unvax-sub_age_60_79-dyspepsia,TRUE,dyspepsia,sub_age_60_79,unvax
cox_ipw-cohort_unvax-sub_age_60_79-gallstones_disease,TRUE,gallstones_disease,sub_age_60_79,unvax
cox_ipw-cohort_unvax-sub_age_60_79-gastro_oesophageal_reflux_disease,TRUE,gastro_oesophageal_reflux_disease,sub_age_60_79,unvax
cox_ipw-cohort_unvax-sub_age_60_79-ibs,TRUE,ibs,sub_age_60_79,unvax
cox_ipw-cohort_unvax-sub_age_60_79-lower_gi_bleeding,TRUE,lower_gi_bleeding,sub_age_60_79,unvax
cox_ipw-cohort_unvax-sub_age_60_79-nonalcoholic_steatohepatitis,TRUE,nonalcoholic_steatohepatitis,sub_age_60_79,unvax
cox_ipw-cohort_unvax-sub_age_60_79-nonvariceal_gi_bleeding,TRUE,nonvariceal_gi_bleeding,sub_age_60_79,unvax
cox_ipw-cohort_unvax-sub_age_60_79-peptic_ulcer,TRUE,peptic_ulcer,sub_age_60_79,unvax
cox_ipw-cohort_unvax-sub_age_60_79-upper_gi_bleeding,TRUE,upper_gi_bleeding,sub_age_60_79,unvax
cox_ipw-cohort_unvax-sub_age_60_79-variceal_gi_bleeding,TRUE,variceal_gi_bleeding,sub_age_60_79,unvax
cox_ipw-cohort_vax-sub_age_60_79-acute_pancreatitis,TRUE,acute_pancreatitis,sub_age_60_79,vax
cox_ipw-cohort_vax-sub_age_60_79-appendicitis,TRUE,appendicitis,sub_age_60_79,vax
cox_ipw-cohort_vax-sub_age_60_79-dyspepsia,TRUE,dyspepsia,sub_age_60_79,vax
cox_ipw-cohort_vax-sub_age_60_79-gallstones_disease,TRUE,gallstones_disease,sub_age_60_79,vax
cox_ipw-cohort_vax-sub_age_60_79-gastro_oesophageal_reflux_disease,TRUE,gastro_oesophageal_reflux_disease,sub_age_60_79,vax
cox_ipw-cohort_vax-sub_age_60_79-ibs,TRUE,ibs,sub_age_60_79,vax
cox_ipw-cohort_vax-sub_age_60_79-lower_gi_bleeding,TRUE,lower_gi_bleeding,sub_age_60_79,vax
cox_ipw-cohort_vax-sub_age_60_79-nonalcoholic_steatohepatitis,TRUE,nonalcoholic_steatohepatitis,sub_age_60_79,vax
cox_ipw-cohort_vax-sub_age_60_79-nonvariceal_gi_bleeding,TRUE,nonvariceal_gi_bleeding,sub_age_60_79,vax
cox_ipw-cohort_vax-sub_age_60_79-peptic_ulcer,TRUE,peptic_ulcer,sub_age_60_79,vax
cox_ipw-cohort_vax-sub_age_60_79-upper_gi_bleeding,TRUE,upper_gi_bleeding,sub_age_60_79,vax
cox_ipw-cohort_vax-sub_age_60_79-variceal_gi_bleeding,TRUE,variceal_gi_bleeding,sub_age_60_79,vax
cox_ipw-cohort_prevax-sub_age_80_110-acute_pancreatitis,TRUE,acute_pancreatitis,sub_age_80_110,prevax
cox_ipw-cohort_prevax-sub_age_80_110-appendicitis,TRUE,appendicitis,sub_age_80_110,prevax
cox_ipw-cohort_prevax-sub_age_80_110-dyspepsia,TRUE,dyspepsia,sub_age_80_110,prevax
cox_ipw-cohort_prevax-sub_age_80_110-gallstones_disease,TRUE,gallstones_disease,sub_age_80_110,prevax
cox_ipw-cohort_prevax-sub_age_80_110-gastro_oesophageal_reflux_disease,TRUE,gastro_oesophageal_reflux_disease,sub_age_80_110,prevax
cox_ipw-cohort_prevax-sub_age_80_110-ibs,TRUE,ibs,sub_age_80_110,prevax
cox_ipw-cohort_prevax-sub_age_80_110-lower_gi_bleeding,TRUE,lower_gi_bleeding,sub_age_80_110,prevax
cox_ipw-cohort_prevax-sub_age_80_110-nonalcoholic_steatohepatitis,TRUE,nonalcoholic_steatohepatitis,sub_age_80_110,prevax
cox_ipw-cohort_prevax-sub_age_80_110-nonvariceal_gi_bleeding,TRUE,nonvariceal_gi_bleeding,sub_age_80_110,prevax
cox_ipw-cohort_prevax-sub_age_80_110-peptic_ulcer,TRUE,peptic_ulcer,sub_age_80_110,prevax
cox_ipw-cohort_prevax-sub_age_80_110-upper_gi_bleeding,TRUE,upper_gi_bleeding,sub_age_80_110,prevax
cox_ipw-cohort_prevax-sub_age_80_110-variceal_gi_bleeding,TRUE,variceal_gi_bleeding,sub_age_80_110,prevax
cox_ipw-cohort_unvax-sub_age_80_110-acute_pancreatitis,TRUE,acute_pancreatitis,sub_age_80_110,unvax
cox_ipw-cohort_unvax-sub_age_80_110-appendicitis,TRUE,appendicitis,sub_age_80_110,unvax
cox_ipw-cohort_unvax-sub_age_80_110-dyspepsia,TRUE,dyspepsia,sub_age_80_110,unvax
cox_ipw-cohort_unvax-sub_age_80_110-gallstones_disease,TRUE,gallstones_disease,sub_age_80_110,unvax
cox_ipw-cohort_unvax-sub_age_80_110-gastro_oesophageal_reflux_disease,TRUE,gastro_oesophageal_reflux_disease,sub_age_80_110,unvax
cox_ipw-cohort_unvax-sub_age_80_110-ibs,TRUE,ibs,sub_age_80_110,unvax
cox_ipw-cohort_unvax-sub_age_80_110-lower_gi_bleeding,TRUE,lower_gi_bleeding,sub_age_80_110,unvax
cox_ipw-cohort_unvax-sub_age_80_110-nonalcoholic_steatohepatitis,TRUE,nonalcoholic_steatohepatitis,sub_age_80_110,unvax
cox_ipw-cohort_unvax-sub_age_80_110-nonvariceal_gi_bleeding,TRUE,nonvariceal_gi_bleeding,sub_age_80_110,unvax
cox_ipw-cohort_unvax-sub_age_80_110-peptic_ulcer,TRUE,peptic_ulcer,sub_age_80_110,unvax
cox_ipw-cohort_unvax-sub_age_80_110-upper_gi_bleeding,TRUE,upper_gi_bleeding,sub_age_80_110,unvax
cox_ipw-cohort_unvax-sub_age_80_110-variceal_gi_bleeding,TRUE,variceal_gi_bleeding,sub_age_80_110,unvax
cox_ipw-cohort_vax-sub_age_80_110-acute_pancreatitis,TRUE,acute_pancreatitis,sub_age_80_110,vax
cox_ipw-cohort_vax-sub_age_80_110-appendicitis,TRUE,appendicitis,sub_age_80_110,vax
cox_ipw-cohort_vax-sub_age_80_110-dyspepsia,TRUE,dyspepsia,sub_age_80_110,vax
cox_ipw-cohort_vax-sub_age_80_110-gallstones_disease,TRUE,gallstones_disease,sub_age_80_110,vax
cox_ipw-cohort_vax-sub_age_80_110-gastro_oesophageal_reflux_disease,TRUE,gastro_oesophageal_reflux_disease,sub_age_80_110,vax
cox_ipw-cohort_vax-sub_age_80_110-ibs,TRUE,ibs,sub_age_80_110,vax
cox_ipw-cohort_vax-sub_age_80_110-lower_gi_bleeding,TRUE,lower_gi_bleeding,sub_age_80_110,vax
cox_ipw-cohort_vax-sub_age_80_110-nonalcoholic_steatohepatitis,TRUE,nonalcoholic_steatohepatitis,sub_age_80_110,vax
cox_ipw-cohort_vax-sub_age_80_110-nonvariceal_gi_bleeding,TRUE,nonvariceal_gi_bleeding,sub_age_80_110,vax
cox_ipw-cohort_vax-sub_age_80_110-peptic_ulcer,TRUE,peptic_ulcer,sub_age_80_110,vax
cox_ipw-cohort_vax-sub_age_80_110-upper_gi_bleeding,TRUE,upper_gi_bleeding,sub_age_80_110,vax
cox_ipw-cohort_vax-sub_age_80_110-variceal_gi_bleeding,TRUE,variceal_gi_bleeding,sub_age_80_110,vax
cox_ipw-cohort_unvax-sub_covid_history-acute_pancreatitis,TRUE,acute_pancreatitis,sub_covid_history,unvax
cox_ipw-cohort_unvax-sub_covid_history-appendicitis,TRUE,appendicitis,sub_covid_history,unvax
cox_ipw-cohort_unvax-sub_covid_history-dyspepsia,TRUE,dyspepsia,sub_covid_history,unvax
cox_ipw-cohort_unvax-sub_covid_history-gallstones_disease,TRUE,gallstones_disease,sub_covid_history,unvax
cox_ipw-cohort_unvax-sub_covid_history-gastro_oesophageal_reflux_disease,TRUE,gastro_oesophageal_reflux_disease,sub_covid_history,unvax
cox_ipw-cohort_unvax-sub_covid_history-ibs,TRUE,ibs,sub_covid_history,unvax
cox_ipw-cohort_unvax-sub_covid_history-lower_gi_bleeding,TRUE,lower_gi_bleeding,sub_covid_history,unvax
cox_ipw-cohort_unvax-sub_covid_history-nonalcoholic_steatohepatitis,TRUE,nonalcoholic_steatohepatitis,sub_covid_history,unvax
cox_ipw-cohort_unvax-sub_covid_history-nonvariceal_gi_bleeding,TRUE,nonvariceal_gi_bleeding,sub_covid_history,unvax
cox_ipw-cohort_unvax-sub_covid_history-peptic_ulcer,TRUE,peptic_ulcer,sub_covid_history,unvax
cox_ipw-cohort_unvax-sub_covid_history-upper_gi_bleeding,TRUE,upper_gi_bleeding,sub_covid_history,unvax
cox_ipw-cohort_unvax-sub_covid_history-variceal_gi_bleeding,TRUE,variceal_gi_bleeding,sub_covid_history,unvax
cox_ipw-cohort_vax-sub_covid_history-acute_pancreatitis,TRUE,acute_pancreatitis,sub_covid_history,vax
cox_ipw-cohort_vax-sub_covid_history-appendicitis,TRUE,appendicitis,sub_covid_history,vax
cox_ipw-cohort_vax-sub_covid_history-dyspepsia,TRUE,dyspepsia,sub_covid_history,vax
cox_ipw-cohort_vax-sub_covid_history-gallstones_disease,TRUE,gallstones_disease,sub_covid_history,vax
cox_ipw-cohort_vax-sub_covid_history-gastro_oesophageal_reflux_disease,TRUE,gastro_oesophageal_reflux_disease,sub_covid_history,vax
cox_ipw-cohort_vax-sub_covid_history-ibs,TRUE,ibs,sub_covid_history,vax
cox_ipw-cohort_vax-sub_covid_history-lower_gi_bleeding,TRUE,lower_gi_bleeding,sub_covid_history,vax
cox_ipw-cohort_vax-sub_covid_history-nonalcoholic_steatohepatitis,TRUE,nonalcoholic_steatohepatitis,sub_covid_history,vax
cox_ipw-cohort_vax-sub_covid_history-nonvariceal_gi_bleeding,TRUE,nonvariceal_gi_bleeding,sub_covid_history,vax
cox_ipw-cohort_vax-sub_covid_history-peptic_ulcer,TRUE,peptic_ulcer,sub_covid_history,vax
cox_ipw-cohort_vax-sub_covid_history-upper_gi_bleeding,TRUE,upper_gi_bleeding,sub_covid_history,vax
cox_ipw-cohort_vax-sub_covid_history-variceal_gi_bleeding,TRUE,variceal_gi_bleeding,sub_covid_history,vax
cox_ipw-cohort_prevax-sub_covid_hospitalised-acute_pancreatitis,TRUE,acute_pancreatitis,sub_covid_hospitalised,prevax
cox_ipw-cohort_prevax-sub_covid_hospitalised-appendicitis,TRUE,appendicitis,sub_covid_hospitalised,prevax
cox_ipw-cohort_prevax-sub_covid_hospitalised-dyspepsia,TRUE,dyspepsia,sub_covid_hospitalised,prevax
cox_ipw-cohort_prevax-sub_covid_hospitalised-gallstones_disease,TRUE,gallstones_disease,sub_covid_hospitalised,prevax
cox_ipw-cohort_prevax-sub_covid_hospitalised-gastro_oesophageal_reflux_disease,FALSE,gastro_oesophageal_reflux_disease,sub_covid_hospitalised,prevax
cox_ipw-cohort_prevax-sub_covid_hospitalised-ibs,FALSE,ibs,sub_covid_hospitalised,prevax
cox_ipw-cohort_prevax-sub_covid_hospitalised-lower_gi_bleeding,TRUE,lower_gi_bleeding,sub_covid_hospitalised,prevax
cox_ipw-cohort_prevax-sub_covid_hospitalised-nonalcoholic_steatohepatitis,TRUE,nonalcoholic_steatohepatitis,sub_covid_hospitalised,prevax
cox_ipw-cohort_prevax-sub_covid_hospitalised-nonvariceal_gi_bleeding,FALSE,nonvariceal_gi_bleeding,sub_covid_hospitalised,prevax
cox_ipw-cohort_prevax-sub_covid_hospitalised-peptic_ulcer,TRUE,peptic_ulcer,sub_covid_hospitalised,prevax
cox_ipw-cohort_prevax-sub_covid_hospitalised-upper_gi_bleeding,FALSE,upper_gi_bleeding,sub_covid_hospitalised,prevax
cox_ipw-cohort_prevax-sub_covid_hospitalised-variceal_gi_bleeding,TRUE,variceal_gi_bleeding,sub_covid_hospitalised,prevax
cox_ipw-cohort_unvax-sub_covid_hospitalised-acute_pancreatitis,TRUE,acute_pancreatitis,sub_covid_hospitalised,unvax
cox_ipw-cohort_unvax-sub_covid_hospitalised-appendicitis,TRUE,appendicitis,sub_covid_hospitalised,unvax
cox_ipw-cohort_unvax-sub_covid_hospitalised-dyspepsia,TRUE,dyspepsia,sub_covid_hospitalised,unvax
cox_ipw-cohort_unvax-sub_covid_hospitalised-gallstones_disease,TRUE,gallstones_disease,sub_covid_hospitalised,unvax
cox_ipw-cohort_unvax-sub_covid_hospitalised-gastro_oesophageal_reflux_disease,FALSE,gastro_oesophageal_reflux_disease,sub_covid_hospitalised,unvax
cox_ipw-cohort_unvax-sub_covid_hospitalised-ibs,FALSE,ibs,sub_covid_hospitalised,unvax
cox_ipw-cohort_unvax-sub_covid_hospitalised-lower_gi_bleeding,TRUE,lower_gi_bleeding,sub_covid_hospitalised,unvax
cox_ipw-cohort_unvax-sub_covid_hospitalised-nonalcoholic_steatohepatitis,TRUE,nonalcoholic_steatohepatitis,sub_covid_hospitalised,unvax
cox_ipw-cohort_unvax-sub_covid_hospitalised-nonvariceal_gi_bleeding,TRUE,nonvariceal_gi_bleeding,sub_covid_hospitalised,unvax
cox_ipw-cohort_unvax-sub_covid_hospitalised-peptic_ulcer,TRUE,peptic_ulcer,sub_covid_hospitalised,unvax
cox_ipw-cohort_unvax-sub_covid_hospitalised-upper_gi_bleeding,FALSE,upper_gi_bleeding,sub_covid_hospitalised,unvax
cox_ipw-cohort_unvax-sub_covid_hospitalised-variceal_gi_bleeding,TRUE,variceal_gi_bleeding,sub_covid_hospitalised,unvax
cox_ipw-cohort_vax-sub_covid_hospitalised-acute_pancreatitis,TRUE,acute_pancreatitis,sub_covid_hospitalised,vax
cox_ipw-cohort_vax-sub_covid_hospitalised-appendicitis,TRUE,appendicitis,sub_covid_hospitalised,vax
cox_ipw-cohort_vax-sub_covid_hospitalised-dyspepsia,TRUE,dyspepsia,sub_covid_hospitalised,vax
cox_ipw-cohort_vax-sub_covid_hospitalised-gallstones_disease,TRUE,gallstones_disease,sub_covid_hospitalised,vax
cox_ipw-cohort_vax-sub_covid_hospitalised-gastro_oesophageal_reflux_disease,TRUE,gastro_oesophageal_reflux_disease,sub_covid_hospitalised,vax
cox_ipw-cohort_vax-sub_covid_hospitalised-ibs,TRUE,ibs,sub_covid_hospitalised,vax
cox_ipw-cohort_vax-sub_covid_hospitalised-lower_gi_bleeding,TRUE,lower_gi_bleeding,sub_covid_hospitalised,vax
cox_ipw-cohort_vax-sub_covid_hospitalised-nonalcoholic_steatohepatitis,TRUE,nonalcoholic_steatohepatitis,sub_covid_hospitalised,vax
cox_ipw-cohort_vax-sub_covid_hospitalised-nonvariceal_gi_bleeding,TRUE,nonvariceal_gi_bleeding,sub_covid_hospitalised,vax
cox_ipw-cohort_vax-sub_covid_hospitalised-peptic_ulcer,TRUE,peptic_ulcer,sub_covid_hospitalised,vax
cox_ipw-cohort_vax-sub_covid_hospitalised-upper_gi_bleeding,TRUE,upper_gi_bleeding,sub_covid_hospitalised,vax
cox_ipw-cohort_vax-sub_covid_hospitalised-variceal_gi_bleeding,TRUE,variceal_gi_bleeding,sub_covid_hospitalised,vax
cox_ipw-cohort_prevax-sub_covid_hospitalised_ac_false-lower_gi_bleeding,TRUE,lower_gi_bleeding,sub_covid_hospitalised_ac_false,prevax
cox_ipw-cohort_prevax-sub_covid_hospitalised_ac_false-nonvariceal_gi_bleeding,TRUE,nonvariceal_gi_bleeding,sub_covid_hospitalised_ac_false,prevax
cox_ipw-cohort_prevax-sub_covid_hospitalised_ac_false-upper_gi_bleeding,TRUE,upper_gi_bleeding,sub_covid_hospitalised_ac_false,prevax
cox_ipw-cohort_prevax-sub_covid_hospitalised_ac_false-variceal_gi_bleeding,TRUE,variceal_gi_bleeding,sub_covid_hospitalised_ac_false,prevax
cox_ipw-cohort_unvax-sub_covid_hospitalised_ac_false-lower_gi_bleeding,TRUE,lower_gi_bleeding,sub_covid_hospitalised_ac_false,unvax
cox_ipw-cohort_unvax-sub_covid_hospitalised_ac_false-nonvariceal_gi_bleeding,TRUE,nonvariceal_gi_bleeding,sub_covid_hospitalised_ac_false,unvax
cox_ipw-cohort_unvax-sub_covid_hospitalised_ac_false-upper_gi_bleeding,TRUE,upper_gi_bleeding,sub_covid_hospitalised_ac_false,unvax
cox_ipw-cohort_unvax-sub_covid_hospitalised_ac_false-variceal_gi_bleeding,TRUE,variceal_gi_bleeding,sub_covid_hospitalised_ac_false,unvax
cox_ipw-cohort_vax-sub_covid_hospitalised_ac_false-lower_gi_bleeding,TRUE,lower_gi_bleeding,sub_covid_hospitalised_ac_false,vax
cox_ipw-cohort_vax-sub_covid_hospitalised_ac_false-nonvariceal_gi_bleeding,TRUE,nonvariceal_gi_bleeding,sub_covid_hospitalised_ac_false,vax
cox_ipw-cohort_vax-sub_covid_hospitalised_ac_false-upper_gi_bleeding,TRUE,upper_gi_bleeding,sub_covid_hospitalised_ac_false,vax
cox_ipw-cohort_vax-sub_covid_hospitalised_ac_false-variceal_gi_bleeding,TRUE,variceal_gi_bleeding,sub_covid_hospitalised_ac_false,vax
cox_ipw-cohort_prevax-sub_covid_hospitalised_ac_true-lower_gi_bleeding,TRUE,lower_gi_bleeding,sub_covid_hospitalised_ac_true,prevax
cox_ipw-cohort_prevax-sub_covid_hospitalised_ac_true-nonvariceal_gi_bleeding,TRUE,nonvariceal_gi_bleeding,sub_covid_hospitalised_ac_true,prevax
cox_ipw-cohort_prevax-sub_covid_hospitalised_ac_true-upper_gi_bleeding,TRUE,upper_gi_bleeding,sub_covid_hospitalised_ac_true,prevax
cox_ipw-cohort_prevax-sub_covid_hospitalised_ac_true-variceal_gi_bleeding,FALSE,variceal_gi_bleeding,sub_covid_hospitalised_ac_true,prevax
cox_ipw-cohort_unvax-sub_covid_hospitalised_ac_true-lower_gi_bleeding,FALSE,lower_gi_bleeding,sub_covid_hospitalised_ac_true,unvax
cox_ipw-cohort_unvax-sub_covid_hospitalised_ac_true-nonvariceal_gi_bleeding,FALSE,nonvariceal_gi_bleeding,sub_covid_hospitalised_ac_true,unvax
cox_ipw-cohort_unvax-sub_covid_hospitalised_ac_true-upper_gi_bleeding,FALSE,upper_gi_bleeding,sub_covid_hospitalised_ac_true,unvax
cox_ipw-cohort_unvax-sub_covid_hospitalised_ac_true-variceal_gi_bleeding,FALSE,variceal_gi_bleeding,sub_covid_hospitalised_ac_true,unvax
cox_ipw-cohort_vax-sub_covid_hospitalised_ac_true-lower_gi_bleeding,FALSE,lower_gi_bleeding,sub_covid_hospitalised_ac_true,vax
cox_ipw-cohort_vax-sub_covid_hospitalised_ac_true-nonvariceal_gi_bleeding,TRUE,nonvariceal_gi_bleeding,sub_covid_hospitalised_ac_true,vax
cox_ipw-cohort_vax-sub_covid_hospitalised_ac_true-upper_gi_bleeding,TRUE,upper_gi_bleeding,sub_covid_hospitalised_ac_true,vax
cox_ipw-cohort_vax-sub_covid_hospitalised_ac_true-variceal_gi_bleeding,FALSE,variceal_gi_bleeding,sub_covid_hospitalised_ac_true,vax
cox_ipw-cohort_prevax-sub_covid_hospitalised_te_false-lower_gi_bleeding,TRUE,lower_gi_bleeding,sub_covid_hospitalised_te_false,prevax
cox_ipw-cohort_prevax-sub_covid_hospitalised_te_false-nonvariceal_gi_bleeding,TRUE,nonvariceal_gi_bleeding,sub_covid_hospitalised_te_false,prevax
cox_ipw-cohort_prevax-sub_covid_hospitalised_te_false-upper_gi_bleeding,TRUE,upper_gi_bleeding,sub_covid_hospitalised_te_false,prevax
cox_ipw-cohort_prevax-sub_covid_hospitalised_te_false-variceal_gi_bleeding,TRUE,variceal_gi_bleeding,sub_covid_hospitalised_te_false,prevax
cox_ipw-cohort_unvax-sub_covid_hospitalised_te_false-lower_gi_bleeding,TRUE,lower_gi_bleeding,sub_covid_hospitalised_te_false,unvax
cox_ipw-cohort_unvax-sub_covid_hospitalised_te_false-nonvariceal_gi_bleeding,TRUE,nonvariceal_gi_bleeding,sub_covid_hospitalised_te_false,unvax
cox_ipw-cohort_unvax-sub_covid_hospitalised_te_false-upper_gi_bleeding,TRUE,upper_gi_bleeding,sub_covid_hospitalised_te_false,unvax
cox_ipw-cohort_unvax-sub_covid_hospitalised_te_false-variceal_gi_bleeding,TRUE,variceal_gi_bleeding,sub_covid_hospitalised_te_false,unvax
cox_ipw-cohort_vax-sub_covid_hospitalised_te_false-lower_gi_bleeding,TRUE,lower_gi_bleeding,sub_covid_hospitalised_te_false,vax
cox_ipw-cohort_vax-sub_covid_hospitalised_te_false-nonvariceal_gi_bleeding,TRUE,nonvariceal_gi_bleeding,sub_covid_hospitalised_te_false,vax
cox_ipw-cohort_vax-sub_covid_hospitalised_te_false-upper_gi_bleeding,TRUE,upper_gi_bleeding,sub_covid_hospitalised_te_false,vax
cox_ipw-cohort_vax-sub_covid_hospitalised_te_false-variceal_gi_bleeding,TRUE,variceal_gi_bleeding,sub_covid_hospitalised_te_false,vax
cox_ipw-cohort_prevax-sub_covid_hospitalised_te_true-lower_gi_bleeding,TRUE,lower_gi_bleeding,sub_covid_hospitalised_te_true,prevax
cox_ipw-cohort_prevax-sub_covid_hospitalised_te_true-nonvariceal_gi_bleeding,TRUE,nonvariceal_gi_bleeding,sub_covid_hospitalised_te_true,prevax
cox_ipw-cohort_prevax-sub_covid_hospitalised_te_true-upper_gi_bleeding,TRUE,upper_gi_bleeding,sub_covid_hospitalised_te_true,prevax
cox_ipw-cohort_prevax-sub_covid_hospitalised_te_true-variceal_gi_bleeding,TRUE,variceal_gi_bleeding,sub_covid_hospitalised_te_true,prevax
cox_ipw-cohort_unvax-sub_covid_hospitalised_te_true-lower_gi_bleeding,TRUE,lower_gi_bleeding,sub_covid_hospitalised_te_true,unvax
cox_ipw-cohort_unvax-sub_covid_hospitalised_te_true-nonvariceal_gi_bleeding,TRUE,nonvariceal_gi_bleeding,sub_covid_hospitalised_te_true,unvax
cox_ipw-cohort_unvax-sub_covid_hospitalised_te_true-upper_gi_bleeding,TRUE,upper_gi_bleeding,sub_covid_hospitalised_te_true,unvax
cox_ipw-cohort_unvax-sub_covid_hospitalised_te_true-variceal_gi_bleeding,FALSE,variceal_gi_bleeding,sub_covid_hospitalised_te_true,unvax
cox_ipw-cohort_vax-sub_covid_hospitalised_te_true-lower_gi_bleeding,TRUE,lower_gi_bleeding,sub_covid_hospitalised_te_true,vax
cox_ipw-cohort_vax-sub_covid_hospitalised_te_true-nonvariceal_gi_bleeding,TRUE,nonvariceal_gi_bleeding,sub_covid_hospitalised_te_true,vax
cox_ipw-cohort_vax-sub_covid_hospitalised_te_true-upper_gi_bleeding,TRUE,upper_gi_bleeding,sub_covid_hospitalised_te_true,vax
cox_ipw-cohort_vax-sub_covid_hospitalised_te_true-variceal_gi_bleeding,TRUE,variceal_gi_bleeding,sub_covid_hospitalised_te_true,vax
cox_ipw-cohort_prevax-sub_covid_nonhospitalised-acute_pancreatitis,TRUE,acute_pancreatitis,sub_covid_nonhospitalised,prevax
cox_ipw-cohort_prevax-sub_covid_nonhospitalised-appendicitis,TRUE,appendicitis,sub_covid_nonhospitalised,prevax
cox_ipw-cohort_prevax-sub_covid_nonhospitalised-dyspepsia,TRUE,dyspepsia,sub_covid_nonhospitalised,prevax
cox_ipw-cohort_prevax-sub_covid_nonhospitalised-gallstones_disease,TRUE,gallstones_disease,sub_covid_nonhospitalised,prevax
cox_ipw-cohort_prevax-sub_covid_nonhospitalised-gastro_oesophageal_reflux_disease,TRUE,gastro_oesophageal_reflux_disease,sub_covid_nonhospitalised,prevax
cox_ipw-cohort_prevax-sub_covid_nonhospitalised-ibs,TRUE,ibs,sub_covid_nonhospitalised,prevax
cox_ipw-cohort_prevax-sub_covid_nonhospitalised-lower_gi_bleeding,TRUE,lower_gi_bleeding,sub_covid_nonhospitalised,prevax
cox_ipw-cohort_prevax-sub_covid_nonhospitalised-nonalcoholic_steatohepatitis,TRUE,nonalcoholic_steatohepatitis,sub_covid_nonhospitalised,prevax
cox_ipw-cohort_prevax-sub_covid_nonhospitalised-nonvariceal_gi_bleeding,TRUE,nonvariceal_gi_bleeding,sub_covid_nonhospitalised,prevax
cox_ipw-cohort_prevax-sub_covid_nonhospitalised-peptic_ulcer,TRUE,peptic_ulcer,sub_covid_nonhospitalised,prevax
cox_ipw-cohort_prevax-sub_covid_nonhospitalised-upper_gi_bleeding,TRUE,upper_gi_bleeding,sub_covid_nonhospitalised,prevax
cox_ipw-cohort_prevax-sub_covid_nonhospitalised-variceal_gi_bleeding,TRUE,variceal_gi_bleeding,sub_covid_nonhospitalised,prevax
cox_ipw-cohort_unvax-sub_covid_nonhospitalised-acute_pancreatitis,TRUE,acute_pancreatitis,sub_covid_nonhospitalised,unvax
cox_ipw-cohort_unvax-sub_covid_nonhospitalised-appendicitis,TRUE,appendicitis,sub_covid_nonhospitalised,unvax
cox_ipw-cohort_unvax-sub_covid_nonhospitalised-dyspepsia,TRUE,dyspepsia,sub_covid_nonhospitalised,unvax
cox_ipw-cohort_unvax-sub_covid_nonhospitalised-gallstones_disease,TRUE,gallstones_disease,sub_covid_nonhospitalised,unvax
cox_ipw-cohort_unvax-sub_covid_nonhospitalised-gastro_oesophageal_reflux_disease,TRUE,gastro_oesophageal_reflux_disease,sub_covid_nonhospitalised,unvax
cox_ipw-cohort_unvax-sub_covid_nonhospitalised-ibs,TRUE,ibs,sub_covid_nonhospitalised,unvax
cox_ipw-cohort_unvax-sub_covid_nonhospitalised-lower_gi_bleeding,TRUE,lower_gi_bleeding,sub_covid_nonhospitalised,unvax
cox_ipw-cohort_unvax-sub_covid_nonhospitalised-nonalcoholic_steatohepatitis,TRUE,nonalcoholic_steatohepatitis,sub_covid_nonhospitalised,unvax
cox_ipw-cohort_unvax-sub_covid_nonhospitalised-nonvariceal_gi_bleeding,TRUE,nonvariceal_gi_bleeding,sub_covid_nonhospitalised,unvax
cox_ipw-cohort_unvax-sub_covid_nonhospitalised-peptic_ulcer,TRUE,peptic_ulcer,sub_covid_nonhospitalised,unvax
cox_ipw-cohort_unvax-sub_covid_nonhospitalised-upper_gi_bleeding,TRUE,upper_gi_bleeding,sub_covid_nonhospitalised,unvax
cox_ipw-cohort_unvax-sub_covid_nonhospitalised-variceal_gi_bleeding,TRUE,variceal_gi_bleeding,sub_covid_nonhospitalised,unvax
cox_ipw-cohort_vax-sub_covid_nonhospitalised-acute_pancreatitis,TRUE,acute_pancreatitis,sub_covid_nonhospitalised,vax
cox_ipw-cohort_vax-sub_covid_nonhospitalised-appendicitis,TRUE,appendicitis,sub_covid_nonhospitalised,vax
cox_ipw-cohort_vax-sub_covid_nonhospitalised-dyspepsia,TRUE,dyspepsia,sub_covid_nonhospitalised,vax
cox_ipw-cohort_vax-sub_covid_nonhospitalised-gallstones_disease,TRUE,gallstones_disease,sub_covid_nonhospitalised,vax
cox_ipw-cohort_vax-sub_covid_nonhospitalised-gastro_oesophageal_reflux_disease,TRUE,gastro_oesophageal_reflux_disease,sub_covid_nonhospitalised,vax
cox_ipw-cohort_vax-sub_covid_nonhospitalised-ibs,TRUE,ibs,sub_covid_nonhospitalised,vax
cox_ipw-cohort_vax-sub_covid_nonhospitalised-lower_gi_bleeding,TRUE,lower_gi_bleeding,sub_covid_nonhospitalised,vax
cox_ipw-cohort_vax-sub_covid_nonhospitalised-nonalcoholic_steatohepatitis,TRUE,nonalcoholic_steatohepatitis,sub_covid_nonhospitalised,vax
cox_ipw-cohort_vax-sub_covid_nonhospitalised-nonvariceal_gi_bleeding,TRUE,nonvariceal_gi_bleeding,sub_covid_nonhospitalised,vax
cox_ipw-cohort_vax-sub_covid_nonhospitalised-peptic_ulcer,TRUE,peptic_ulcer,sub_covid_nonhospitalised,vax
cox_ipw-cohort_vax-sub_covid_nonhospitalised-upper_gi_bleeding,TRUE,upper_gi_bleeding,sub_covid_nonhospitalised,vax
cox_ipw-cohort_vax-sub_covid_nonhospitalised-variceal_gi_bleeding,TRUE,variceal_gi_bleeding,sub_covid_nonhospitalised,vax
cox_ipw-cohort_prevax-sub_ethnicity_asian-acute_pancreatitis,TRUE,acute_pancreatitis,sub_ethnicity_asian,prevax
cox_ipw-cohort_prevax-sub_ethnicity_asian-appendicitis,TRUE,appendicitis,sub_ethnicity_asian,prevax
cox_ipw-cohort_prevax-sub_ethnicity_asian-dyspepsia,TRUE,dyspepsia,sub_ethnicity_asian,prevax
cox_ipw-cohort_prevax-sub_ethnicity_asian-gallstones_disease,TRUE,gallstones_disease,sub_ethnicity_asian,prevax
cox_ipw-cohort_prevax-sub_ethnicity_asian-gastro_oesophageal_reflux_disease,TRUE,gastro_oesophageal_reflux_disease,sub_ethnicity_asian,prevax
cox_ipw-cohort_prevax-sub_ethnicity_asian-ibs,TRUE,ibs,sub_ethnicity_asian,prevax
cox_ipw-cohort_prevax-sub_ethnicity_asian-lower_gi_bleeding,TRUE,lower_gi_bleeding,sub_ethnicity_asian,prevax
cox_ipw-cohort_prevax-sub_ethnicity_asian-nonalcoholic_steatohepatitis,TRUE,nonalcoholic_steatohepatitis,sub_ethnicity_asian,prevax
cox_ipw-cohort_prevax-sub_ethnicity_asian-nonvariceal_gi_bleeding,TRUE,nonvariceal_gi_bleeding,sub_ethnicity_asian,prevax
cox_ipw-cohort_prevax-sub_ethnicity_asian-peptic_ulcer,TRUE,peptic_ulcer,sub_ethnicity_asian,prevax
cox_ipw-cohort_prevax-sub_ethnicity_asian-upper_gi_bleeding,TRUE,upper_gi_bleeding,sub_ethnicity_asian,prevax
cox_ipw-cohort_prevax-sub_ethnicity_asian-variceal_gi_bleeding,TRUE,variceal_gi_bleeding,sub_ethnicity_asian,prevax
cox_ipw-cohort_unvax-sub_ethnicity_asian-acute_pancreatitis,TRUE,acute_pancreatitis,sub_ethnicity_asian,unvax
cox_ipw-cohort_unvax-sub_ethnicity_asian-appendicitis,TRUE,appendicitis,sub_ethnicity_asian,unvax
cox_ipw-cohort_unvax-sub_ethnicity_asian-dyspepsia,TRUE,dyspepsia,sub_ethnicity_asian,unvax
cox_ipw-cohort_unvax-sub_ethnicity_asian-gallstones_disease,TRUE,gallstones_disease,sub_ethnicity_asian,unvax
cox_ipw-cohort_unvax-sub_ethnicity_asian-gastro_oesophageal_reflux_disease,TRUE,gastro_oesophageal_reflux_disease,sub_ethnicity_asian,unvax
cox_ipw-cohort_unvax-sub_ethnicity_asian-ibs,TRUE,ibs,sub_ethnicity_asian,unvax
cox_ipw-cohort_unvax-sub_ethnicity_asian-lower_gi_bleeding,TRUE,lower_gi_bleeding,sub_ethnicity_asian,unvax
cox_ipw-cohort_unvax-sub_ethnicity_asian-nonalcoholic_steatohepatitis,TRUE,nonalcoholic_steatohepatitis,sub_ethnicity_asian,unvax
cox_ipw-cohort_unvax-sub_ethnicity_asian-nonvariceal_gi_bleeding,TRUE,nonvariceal_gi_bleeding,sub_ethnicity_asian,unvax
cox_ipw-cohort_unvax-sub_ethnicity_asian-peptic_ulcer,TRUE,peptic_ulcer,sub_ethnicity_asian,unvax
cox_ipw-cohort_unvax-sub_ethnicity_asian-upper_gi_bleeding,TRUE,upper_gi_bleeding,sub_ethnicity_asian,unvax
cox_ipw-cohort_unvax-sub_ethnicity_asian-variceal_gi_bleeding,FALSE,variceal_gi_bleeding,sub_ethnicity_asian,unvax
cox_ipw-cohort_vax-sub_ethnicity_asian-acute_pancreatitis,TRUE,acute_pancreatitis,sub_ethnicity_asian,vax
cox_ipw-cohort_vax-sub_ethnicity_asian-appendicitis,TRUE,appendicitis,sub_ethnicity_asian,vax
cox_ipw-cohort_vax-sub_ethnicity_asian-dyspepsia,TRUE,dyspepsia,sub_ethnicity_asian,vax
cox_ipw-cohort_vax-sub_ethnicity_asian-gallstones_disease,TRUE,gallstones_disease,sub_ethnicity_asian,vax
cox_ipw-cohort_vax-sub_ethnicity_asian-gastro_oesophageal_reflux_disease,TRUE,gastro_oesophageal_reflux_disease,sub_ethnicity_asian,vax
cox_ipw-cohort_vax-sub_ethnicity_asian-ibs,TRUE,ibs,sub_ethnicity_asian,vax
cox_ipw-cohort_vax-sub_ethnicity_asian-lower_gi_bleeding,TRUE,lower_gi_bleeding,sub_ethnicity_asian,vax
cox_ipw-cohort_vax-sub_ethnicity_asian-nonalcoholic_steatohepatitis,TRUE,nonalcoholic_steatohepatitis,sub_ethnicity_asian,vax
cox_ipw-cohort_vax-sub_ethnicity_asian-nonvariceal_gi_bleeding,TRUE,nonvariceal_gi_bleeding,sub_ethnicity_asian,vax
cox_ipw-cohort_vax-sub_ethnicity_asian-peptic_ulcer,TRUE,peptic_ulcer,sub_ethnicity_asian,vax
cox_ipw-cohort_vax-sub_ethnicity_asian-upper_gi_bleeding,TRUE,upper_gi_bleeding,sub_ethnicity_asian,vax
cox_ipw-cohort_vax-sub_ethnicity_asian-variceal_gi_bleeding,TRUE,variceal_gi_bleeding,sub_ethnicity_asian,vax
cox_ipw-cohort_prevax-sub_ethnicity_black-acute_pancreatitis,TRUE,acute_pancreatitis,sub_ethnicity_black,prevax
cox_ipw-cohort_prevax-sub_ethnicity_black-appendicitis,TRUE,appendicitis,sub_ethnicity_black,prevax
cox_ipw-cohort_prevax-sub_ethnicity_black-dyspepsia,TRUE,dyspepsia,sub_ethnicity_black,prevax
cox_ipw-cohort_prevax-sub_ethnicity_black-gallstones_disease,TRUE,gallstones_disease,sub_ethnicity_black,prevax
cox_ipw-cohort_prevax-sub_ethnicity_black-gastro_oesophageal_reflux_disease,TRUE,gastro_oesophageal_reflux_disease,sub_ethnicity_black,prevax
cox_ipw-cohort_prevax-sub_ethnicity_black-ibs,TRUE,ibs,sub_ethnicity_black,prevax
cox_ipw-cohort_prevax-sub_ethnicity_black-lower_gi_bleeding,TRUE,lower_gi_bleeding,sub_ethnicity_black,prevax
cox_ipw-cohort_prevax-sub_ethnicity_black-nonalcoholic_steatohepatitis,TRUE,nonalcoholic_steatohepatitis,sub_ethnicity_black,prevax
cox_ipw-cohort_prevax-sub_ethnicity_black-nonvariceal_gi_bleeding,TRUE,nonvariceal_gi_bleeding,sub_ethnicity_black,prevax
cox_ipw-cohort_prevax-sub_ethnicity_black-peptic_ulcer,TRUE,peptic_ulcer,sub_ethnicity_black,prevax
cox_ipw-cohort_prevax-sub_ethnicity_black-upper_gi_bleeding,TRUE,upper_gi_bleeding,sub_ethnicity_black,prevax
cox_ipw-cohort_prevax-sub_ethnicity_black-variceal_gi_bleeding,TRUE,variceal_gi_bleeding,sub_ethnicity_black,prevax
cox_ipw-cohort_unvax-sub_ethnicity_black-acute_pancreatitis,TRUE,acute_pancreatitis,sub_ethnicity_black,unvax
cox_ipw-cohort_unvax-sub_ethnicity_black-appendicitis,TRUE,appendicitis,sub_ethnicity_black,unvax
cox_ipw-cohort_unvax-sub_ethnicity_black-dyspepsia,TRUE,dyspepsia,sub_ethnicity_black,unvax
cox_ipw-cohort_unvax-sub_ethnicity_black-gallstones_disease,TRUE,gallstones_disease,sub_ethnicity_black,unvax
cox_ipw-cohort_unvax-sub_ethnicity_black-gastro_oesophageal_reflux_disease,TRUE,gastro_oesophageal_reflux_disease,sub_ethnicity_black,unvax
cox_ipw-cohort_unvax-sub_ethnicity_black-ibs,TRUE,ibs,sub_ethnicity_black,unvax
cox_ipw-cohort_unvax-sub_ethnicity_black-lower_gi_bleeding,TRUE,lower_gi_bleeding,sub_ethnicity_black,unvax
cox_ipw-cohort_unvax-sub_ethnicity_black-nonalcoholic_steatohepatitis,TRUE,nonalcoholic_steatohepatitis,sub_ethnicity_black,unvax
cox_ipw-cohort_unvax-sub_ethnicity_black-nonvariceal_gi_bleeding,TRUE,nonvariceal_gi_bleeding,sub_ethnicity_black,unvax
cox_ipw-cohort_unvax-sub_ethnicity_black-peptic_ulcer,TRUE,peptic_ulcer,sub_ethnicity_black,unvax
cox_ipw-cohort_unvax-sub_ethnicity_black-upper_gi_bleeding,TRUE,upper_gi_bleeding,sub_ethnicity_black,unvax
cox_ipw-cohort_unvax-sub_ethnicity_black-variceal_gi_bleeding,TRUE,variceal_gi_bleeding,sub_ethnicity_black,unvax
cox_ipw-cohort_vax-sub_ethnicity_black-acute_pancreatitis,TRUE,acute_pancreatitis,sub_ethnicity_black,vax
cox_ipw-cohort_vax-sub_ethnicity_black-appendicitis,TRUE,appendicitis,sub_ethnicity_black,vax
cox_ipw-cohort_vax-sub_ethnicity_black-dyspepsia,TRUE,dyspepsia,sub_ethnicity_black,vax
cox_ipw-cohort_vax-sub_ethnicity_black-gallstones_disease,TRUE,gallstones_disease,sub_ethnicity_black,vax
cox_ipw-cohort_vax-sub_ethnicity_black-gastro_oesophageal_reflux_disease,TRUE,gastro_oesophageal_reflux_disease,sub_ethnicity_black,vax
cox_ipw-cohort_vax-sub_ethnicity_black-ibs,TRUE,ibs,sub_ethnicity_black,vax
cox_ipw-cohort_vax-sub_ethnicity_black-lower_gi_bleeding,TRUE,lower_gi_bleeding,sub_ethnicity_black,vax
cox_ipw-cohort_vax-sub_ethnicity_black-nonalcoholic_steatohepatitis,TRUE,nonalcoholic_steatohepatitis,sub_ethnicity_black,vax
cox_ipw-cohort_vax-sub_ethnicity_black-nonvariceal_gi_bleeding,TRUE,nonvariceal_gi_bleeding,sub_ethnicity_black,vax
cox_ipw-cohort_vax-sub_ethnicity_black-peptic_ulcer,TRUE,peptic_ulcer,sub_ethnicity_black,vax
cox_ipw-cohort_vax-sub_ethnicity_black-upper_gi_bleeding,TRUE,upper_gi_bleeding,sub_ethnicity_black,vax
cox_ipw-cohort_vax-sub_ethnicity_black-variceal_gi_bleeding,TRUE,variceal_gi_bleeding,sub_ethnicity_black,vax
cox_ipw-cohort_prevax-sub_ethnicity_mixed-acute_pancreatitis,TRUE,acute_pancreatitis,sub_ethnicity_mixed,prevax
cox_ipw-cohort_prevax-sub_ethnicity_mixed-appendicitis,TRUE,appendicitis,sub_ethnicity_mixed,prevax
cox_ipw-cohort_prevax-sub_ethnicity_mixed-dyspepsia,TRUE,dyspepsia,sub_ethnicity_mixed,prevax
cox_ipw-cohort_prevax-sub_ethnicity_mixed-gallstones_disease,TRUE,gallstones_disease,sub_ethnicity_mixed,prevax
cox_ipw-cohort_prevax-sub_ethnicity_mixed-gastro_oesophageal_reflux_disease,TRUE,gastro_oesophageal_reflux_disease,sub_ethnicity_mixed,prevax
cox_ipw-cohort_prevax-sub_ethnicity_mixed-ibs,TRUE,ibs,sub_ethnicity_mixed,prevax
cox_ipw-cohort_prevax-sub_ethnicity_mixed-lower_gi_bleeding,TRUE,lower_gi_bleeding,sub_ethnicity_mixed,prevax
cox_ipw-cohort_prevax-sub_ethnicity_mixed-nonalcoholic_steatohepatitis,TRUE,nonalcoholic_steatohepatitis,sub_ethnicity_mixed,prevax
cox_ipw-cohort_prevax-sub_ethnicity_mixed-nonvariceal_gi_bleeding,TRUE,nonvariceal_gi_bleeding,sub_ethnicity_mixed,prevax
cox_ipw-cohort_prevax-sub_ethnicity_mixed-peptic_ulcer,TRUE,peptic_ulcer,sub_ethnicity_mixed,prevax
cox_ipw-cohort_prevax-sub_ethnicity_mixed-upper_gi_bleeding,TRUE,upper_gi_bleeding,sub_ethnicity_mixed,prevax
cox_ipw-cohort_prevax-sub_ethnicity_mixed-variceal_gi_bleeding,TRUE,variceal_gi_bleeding,sub_ethnicity_mixed,prevax
cox_ipw-cohort_unvax-sub_ethnicity_mixed-acute_pancreatitis,TRUE,acute_pancreatitis,sub_ethnicity_mixed,unvax
cox_ipw-cohort_unvax-sub_ethnicity_mixed-appendicitis,TRUE,appendicitis,sub_ethnicity_mixed,unvax
cox_ipw-cohort_unvax-sub_ethnicity_mixed-dyspepsia,TRUE,dyspepsia,sub_ethnicity_mixed,unvax
cox_ipw-cohort_unvax-sub_ethnicity_mixed-gallstones_disease,TRUE,gallstones_disease,sub_ethnicity_mixed,unvax
cox_ipw-cohort_unvax-sub_ethnicity_mixed-gastro_oesophageal_reflux_disease,TRUE,gastro_oesophageal_reflux_disease,sub_ethnicity_mixed,unvax
cox_ipw-cohort_unvax-sub_ethnicity_mixed-ibs,TRUE,ibs,sub_ethnicity_mixed,unvax
cox_ipw-cohort_unvax-sub_ethnicity_mixed-lower_gi_bleeding,TRUE,lower_gi_bleeding,sub_ethnicity_mixed,unvax
cox_ipw-cohort_unvax-sub_ethnicity_mixed-nonalcoholic_steatohepatitis,TRUE,nonalcoholic_steatohepatitis,sub_ethnicity_mixed,unvax
cox_ipw-cohort_unvax-sub_ethnicity_mixed-nonvariceal_gi_bleeding,TRUE,nonvariceal_gi_bleeding,sub_ethnicity_mixed,unvax
cox_ipw-cohort_unvax-sub_ethnicity_mixed-peptic_ulcer,TRUE,peptic_ulcer,sub_ethnicity_mixed,unvax
cox_ipw-cohort_unvax-sub_ethnicity_mixed-upper_gi_bleeding,TRUE,upper_gi_bleeding,sub_ethnicity_mixed,unvax
cox_ipw-cohort_unvax-sub_ethnicity_mixed-variceal_gi_bleeding,FALSE,variceal_gi_bleeding,sub_ethnicity_mixed,unvax
cox_ipw-cohort_vax-sub_ethnicity_mixed-acute_pancreatitis,TRUE,acute_pancreatitis,sub_ethnicity_mixed,vax
cox_ipw-cohort_vax-sub_ethnicity_mixed-appendicitis,TRUE,appendicitis,sub_ethnicity_mixed,vax
cox_ipw-cohort_vax-sub_ethnicity_mixed-dyspepsia,TRUE,dyspepsia,sub_ethnicity_mixed,vax
cox_ipw-cohort_vax-sub_ethnicity_mixed-gallstones_disease,TRUE,gallstones_disease,sub_ethnicity_mixed,vax
cox_ipw-cohort_vax-sub_ethnicity_mixed-gastro_oesophageal_reflux_disease,TRUE,gastro_oesophageal_reflux_disease,sub_ethnicity_mixed,vax
cox_ipw-cohort_vax-sub_ethnicity_mixed-ibs,TRUE,ibs,sub_ethnicity_mixed,vax
cox_ipw-cohort_vax-sub_ethnicity_mixed-lower_gi_bleeding,TRUE,lower_gi_bleeding,sub_ethnicity_mixed,vax
cox_ipw-cohort_vax-sub_ethnicity_mixed-nonalcoholic_steatohepatitis,TRUE,nonalcoholic_steatohepatitis,sub_ethnicity_mixed,vax
cox_ipw-cohort_vax-sub_ethnicity_mixed-nonvariceal_gi_bleeding,TRUE,nonvariceal_gi_bleeding,sub_ethnicity_mixed,vax
cox_ipw-cohort_vax-sub_ethnicity_mixed-peptic_ulcer,TRUE,peptic_ulcer,sub_ethnicity_mixed,vax
cox_ipw-cohort_vax-sub_ethnicity_mixed-upper_gi_bleeding,TRUE,upper_gi_bleeding,sub_ethnicity_mixed,vax
cox_ipw-cohort_vax-sub_ethnicity_mixed-variceal_gi_bleeding,TRUE,variceal_gi_bleeding,sub_ethnicity_mixed,vax
cox_ipw-cohort_prevax-sub_ethnicity_other-acute_pancreatitis,TRUE,acute_pancreatitis,sub_ethnicity_other,prevax
cox_ipw-cohort_prevax-sub_ethnicity_other-appendicitis,TRUE,appendicitis,sub_ethnicity_other,prevax
cox_ipw-cohort_prevax-sub_ethnicity_other-dyspepsia,TRUE,dyspepsia,sub_ethnicity_other,prevax
cox_ipw-cohort_prevax-sub_ethnicity_other-gallstones_disease,TRUE,gallstones_disease,sub_ethnicity_other,prevax
cox_ipw-cohort_prevax-sub_ethnicity_other-gastro_oesophageal_reflux_disease,TRUE,gastro_oesophageal_reflux_disease,sub_ethnicity_other,prevax
cox_ipw-cohort_prevax-sub_ethnicity_other-ibs,TRUE,ibs,sub_ethnicity_other,prevax
cox_ipw-cohort_prevax-sub_ethnicity_other-lower_gi_bleeding,TRUE,lower_gi_bleeding,sub_ethnicity_other,prevax
cox_ipw-cohort_prevax-sub_ethnicity_other-nonalcoholic_steatohepatitis,TRUE,nonalcoholic_steatohepatitis,sub_ethnicity_other,prevax
cox_ipw-cohort_prevax-sub_ethnicity_other-nonvariceal_gi_bleeding,TRUE,nonvariceal_gi_bleeding,sub_ethnicity_other,prevax
cox_ipw-cohort_prevax-sub_ethnicity_other-peptic_ulcer,TRUE,peptic_ulcer,sub_ethnicity_other,prevax
cox_ipw-cohort_prevax-sub_ethnicity_other-upper_gi_bleeding,TRUE,upper_gi_bleeding,sub_ethnicity_other,prevax
cox_ipw-cohort_prevax-sub_ethnicity_other-variceal_gi_bleeding,TRUE,variceal_gi_bleeding,sub_ethnicity_other,prevax
cox_ipw-cohort_unvax-sub_ethnicity_other-acute_pancreatitis,TRUE,acute_pancreatitis,sub_ethnicity_other,unvax
cox_ipw-cohort_unvax-sub_ethnicity_other-appendicitis,TRUE,appendicitis,sub_ethnicity_other,unvax
cox_ipw-cohort_unvax-sub_ethnicity_other-dyspepsia,TRUE,dyspepsia,sub_ethnicity_other,unvax
cox_ipw-cohort_unvax-sub_ethnicity_other-gallstones_disease,TRUE,gallstones_disease,sub_ethnicity_other,unvax
cox_ipw-cohort_unvax-sub_ethnicity_other-gastro_oesophageal_reflux_disease,TRUE,gastro_oesophageal_reflux_disease,sub_ethnicity_other,unvax
cox_ipw-cohort_unvax-sub_ethnicity_other-ibs,TRUE,ibs,sub_ethnicity_other,unvax
cox_ipw-cohort_unvax-sub_ethnicity_other-lower_gi_bleeding,TRUE,lower_gi_bleeding,sub_ethnicity_other,unvax
cox_ipw-cohort_unvax-sub_ethnicity_other-nonalcoholic_steatohepatitis,TRUE,nonalcoholic_steatohepatitis,sub_ethnicity_other,unvax
cox_ipw-cohort_unvax-sub_ethnicity_other-nonvariceal_gi_bleeding,TRUE,nonvariceal_gi_bleeding,sub_ethnicity_other,unvax
cox_ipw-cohort_unvax-sub_ethnicity_other-peptic_ulcer,TRUE,peptic_ulcer,sub_ethnicity_other,unvax
cox_ipw-cohort_unvax-sub_ethnicity_other-upper_gi_bleeding,TRUE,upper_gi_bleeding,sub_ethnicity_other,unvax
cox_ipw-cohort_unvax-sub_ethnicity_other-variceal_gi_bleeding,FALSE,variceal_gi_bleeding,sub_ethnicity_other,unvax
cox_ipw-cohort_vax-sub_ethnicity_other-acute_pancreatitis,TRUE,acute_pancreatitis,sub_ethnicity_other,vax
cox_ipw-cohort_vax-sub_ethnicity_other-appendicitis,TRUE,appendicitis,sub_ethnicity_other,vax
cox_ipw-cohort_vax-sub_ethnicity_other-dyspepsia,TRUE,dyspepsia,sub_ethnicity_other,vax
cox_ipw-cohort_vax-sub_ethnicity_other-gallstones_disease,TRUE,gallstones_disease,sub_ethnicity_other,vax
cox_ipw-cohort_vax-sub_ethnicity_other-gastro_oesophageal_reflux_disease,TRUE,gastro_oesophageal_reflux_disease,sub_ethnicity_other,vax
cox_ipw-cohort_vax-sub_ethnicity_other-ibs,TRUE,ibs,sub_ethnicity_other,vax
cox_ipw-cohort_vax-sub_ethnicity_other-lower_gi_bleeding,TRUE,lower_gi_bleeding,sub_ethnicity_other,vax
cox_ipw-cohort_vax-sub_ethnicity_other-nonalcoholic_steatohepatitis,TRUE,nonalcoholic_steatohepatitis,sub_ethnicity_other,vax
cox_ipw-cohort_vax-sub_ethnicity_other-nonvariceal_gi_bleeding,TRUE,nonvariceal_gi_bleeding,sub_ethnicity_other,vax
cox_ipw-cohort_vax-sub_ethnicity_other-peptic_ulcer,TRUE,peptic_ulcer,sub_ethnicity_other,vax
cox_ipw-cohort_vax-sub_ethnicity_other-upper_gi_bleeding,TRUE,upper_gi_bleeding,sub_ethnicity_other,vax
cox_ipw-cohort_vax-sub_ethnicity_other-variceal_gi_bleeding,TRUE,variceal_gi_bleeding,sub_ethnicity_other,vax
cox_ipw-cohort_prevax-sub_ethnicity_white-acute_pancreatitis,TRUE,acute_pancreatitis,sub_ethnicity_white,prevax
cox_ipw-cohort_prevax-sub_ethnicity_white-appendicitis,TRUE,appendicitis,sub_ethnicity_white,prevax
cox_ipw-cohort_prevax-sub_ethnicity_white-dyspepsia,TRUE,dyspepsia,sub_ethnicity_white,prevax
cox_ipw-cohort_prevax-sub_ethnicity_white-gallstones_disease,TRUE,gallstones_disease,sub_ethnicity_white,prevax
cox_ipw-cohort_prevax-sub_ethnicity_white-gastro_oesophageal_reflux_disease,TRUE,gastro_oesophageal_reflux_disease,sub_ethnicity_white,prevax
cox_ipw-cohort_prevax-sub_ethnicity_white-ibs,TRUE,ibs,sub_ethnicity_white,prevax
cox_ipw-cohort_prevax-sub_ethnicity_white-lower_gi_bleeding,TRUE,lower_gi_bleeding,sub_ethnicity_white,prevax
cox_ipw-cohort_prevax-sub_ethnicity_white-nonalcoholic_steatohepatitis,TRUE,nonalcoholic_steatohepatitis,sub_ethnicity_white,prevax
cox_ipw-cohort_prevax-sub_ethnicity_white-nonvariceal_gi_bleeding,TRUE,nonvariceal_gi_bleeding,sub_ethnicity_white,prevax
cox_ipw-cohort_prevax-sub_ethnicity_white-peptic_ulcer,TRUE,peptic_ulcer,sub_ethnicity_white,prevax
cox_ipw-cohort_prevax-sub_ethnicity_white-upper_gi_bleeding,TRUE,upper_gi_bleeding,sub_ethnicity_white,prevax
cox_ipw-cohort_prevax-sub_ethnicity_white-variceal_gi_bleeding,TRUE,variceal_gi_bleeding,sub_ethnicity_white,prevax
cox_ipw-cohort_unvax-sub_ethnicity_white-acute_pancreatitis,TRUE,acute_pancreatitis,sub_ethnicity_white,unvax
cox_ipw-cohort_unvax-sub_ethnicity_white-appendicitis,TRUE,appendicitis,sub_ethnicity_white,unvax
cox_ipw-cohort_unvax-sub_ethnicity_white-dyspepsia,TRUE,dyspepsia,sub_ethnicity_white,unvax
cox_ipw-cohort_unvax-sub_ethnicity_white-gallstones_disease,TRUE,gallstones_disease,sub_ethnicity_white,unvax
cox_ipw-cohort_unvax-sub_ethnicity_white-gastro_oesophageal_reflux_disease,TRUE,gastro_oesophageal_reflux_disease,sub_ethnicity_white,unvax
cox_ipw-cohort_unvax-sub_ethnicity_white-ibs,TRUE,ibs,sub_ethnicity_white,unvax
cox_ipw-cohort_unvax-sub_ethnicity_white-lower_gi_bleeding,TRUE,lower_gi_bleeding,sub_ethnicity_white,unvax
cox_ipw-cohort_unvax-sub_ethnicity_white-nonalcoholic_steatohepatitis,TRUE,nonalcoholic_steatohepatitis,sub_ethnicity_white,unvax
cox_ipw-cohort_unvax-sub_ethnicity_white-nonvariceal_gi_bleeding,TRUE,nonvariceal_gi_bleeding,sub_ethnicity_white,unvax
cox_ipw-cohort_unvax-sub_ethnicity_white-peptic_ulcer,TRUE,peptic_ulcer,sub_ethnicity_white,unvax
cox_ipw-cohort_unvax-sub_ethnicity_white-upper_gi_bleeding,TRUE,upper_gi_bleeding,sub_ethnicity_white,unvax
cox_ipw-cohort_unvax-sub_ethnicity_white-variceal_gi_bleeding,TRUE,variceal_gi_bleeding,sub_ethnicity_white,unvax
cox_ipw-cohort_vax-sub_ethnicity_white-acute_pancreatitis,TRUE,acute_pancreatitis,sub_ethnicity_white,vax
cox_ipw-cohort_vax-sub_ethnicity_white-appendicitis,TRUE,appendicitis,sub_ethnicity_white,vax
cox_ipw-cohort_vax-sub_ethnicity_white-dyspepsia,TRUE,dyspepsia,sub_ethnicity_white,vax
cox_ipw-cohort_vax-sub_ethnicity_white-gallstones_disease,TRUE,gallstones_disease,sub_ethnicity_white,vax
cox_ipw-cohort_vax-sub_ethnicity_white-gastro_oesophageal_reflux_disease,TRUE,gastro_oesophageal_reflux_disease,sub_ethnicity_white,vax
cox_ipw-cohort_vax-sub_ethnicity_white-ibs,TRUE,ibs,sub_ethnicity_white,vax
cox_ipw-cohort_vax-sub_ethnicity_white-lower_gi_bleeding,TRUE,lower_gi_bleeding,sub_ethnicity_white,vax
cox_ipw-cohort_vax-sub_ethnicity_white-nonalcoholic_steatohepatitis,TRUE,nonalcoholic_steatohepatitis,sub_ethnicity_white,vax
cox_ipw-cohort_vax-sub_ethnicity_white-nonvariceal_gi_bleeding,TRUE,nonvariceal_gi_bleeding,sub_ethnicity_white,vax
cox_ipw-cohort_vax-sub_ethnicity_white-peptic_ulcer,TRUE,peptic_ulcer,sub_ethnicity_white,vax
cox_ipw-cohort_vax-sub_ethnicity_white-upper_gi_bleeding,TRUE,upper_gi_bleeding,sub_ethnicity_white,vax
cox_ipw-cohort_vax-sub_ethnicity_white-variceal_gi_bleeding,TRUE,variceal_gi_bleeding,sub_ethnicity_white,vax
cox_ipw-cohort_prevax-sub_priorhistory_false-acute_pancreatitis,TRUE,acute_pancreatitis,sub_priorhistory_false,prevax
cox_ipw-cohort_prevax-sub_priorhistory_false-appendicitis,TRUE,appendicitis,sub_priorhistory_false,prevax
cox_ipw-cohort_prevax-sub_priorhistory_false-dyspepsia,TRUE,dyspepsia,sub_priorhistory_false,prevax
cox_ipw-cohort_prevax-sub_priorhistory_false-gallstones_disease,TRUE,gallstones_disease,sub_priorhistory_false,prevax
cox_ipw-cohort_prevax-sub_priorhistory_false-gastro_oesophageal_reflux_disease,TRUE,gastro_oesophageal_reflux_disease,sub_priorhistory_false,prevax
cox_ipw-cohort_prevax-sub_priorhistory_false-ibs,TRUE,ibs,sub_priorhistory_false,prevax
cox_ipw-cohort_prevax-sub_priorhistory_false-lower_gi_bleeding,TRUE,lower_gi_bleeding,sub_priorhistory_false,prevax
cox_ipw-cohort_prevax-sub_priorhistory_false-nonalcoholic_steatohepatitis,TRUE,nonalcoholic_steatohepatitis,sub_priorhistory_false,prevax
cox_ipw-cohort_prevax-sub_priorhistory_false-nonvariceal_gi_bleeding,TRUE,nonvariceal_gi_bleeding,sub_priorhistory_false,prevax
cox_ipw-cohort_prevax-sub_priorhistory_false-peptic_ulcer,TRUE,peptic_ulcer,sub_priorhistory_false,prevax
cox_ipw-cohort_prevax-sub_priorhistory_false-upper_gi_bleeding,TRUE,upper_gi_bleeding,sub_priorhistory_false,prevax
cox_ipw-cohort_prevax-sub_priorhistory_false-variceal_gi_bleeding,TRUE,variceal_gi_bleeding,sub_priorhistory_false,prevax
cox_ipw-cohort_unvax-sub_priorhistory_false-acute_pancreatitis,TRUE,acute_pancreatitis,sub_priorhistory_false,unvax
cox_ipw-cohort_unvax-sub_priorhistory_false-appendicitis,TRUE,appendicitis,sub_priorhistory_false,unvax
cox_ipw-cohort_unvax-sub_priorhistory_false-dyspepsia,TRUE,dyspepsia,sub_priorhistory_false,unvax
cox_ipw-cohort_unvax-sub_priorhistory_false-gallstones_disease,TRUE,gallstones_disease,sub_priorhistory_false,unvax
cox_ipw-cohort_unvax-sub_priorhistory_false-gastro_oesophageal_reflux_disease,TRUE,gastro_oesophageal_reflux_disease,sub_priorhistory_false,unvax
cox_ipw-cohort_unvax-sub_priorhistory_false-ibs,TRUE,ibs,sub_priorhistory_false,unvax
cox_ipw-cohort_unvax-sub_priorhistory_false-lower_gi_bleeding,TRUE,lower_gi_bleeding,sub_priorhistory_false,unvax
cox_ipw-cohort_unvax-sub_priorhistory_false-nonalcoholic_steatohepatitis,TRUE,nonalcoholic_steatohepatitis,sub_priorhistory_false,unvax
cox_ipw-cohort_unvax-sub_priorhistory_false-nonvariceal_gi_bleeding,TRUE,nonvariceal_gi_bleeding,sub_priorhistory_false,unvax
cox_ipw-cohort_unvax-sub_priorhistory_false-peptic_ulcer,TRUE,peptic_ulcer,sub_priorhistory_false,unvax
cox_ipw-cohort_unvax-sub_priorhistory_false-upper_gi_bleeding,TRUE,upper_gi_bleeding,sub_priorhistory_false,unvax
cox_ipw-cohort_unvax-sub_priorhistory_false-variceal_gi_bleeding,TRUE,variceal_gi_bleeding,sub_priorhistory_false,unvax
cox_ipw-cohort_vax-sub_priorhistory_false-acute_pancreatitis,TRUE,acute_pancreatitis,sub_priorhistory_false,vax
cox_ipw-cohort_vax-sub_priorhistory_false-appendicitis,TRUE,appendicitis,sub_priorhistory_false,vax
cox_ipw-cohort_vax-sub_priorhistory_false-dyspepsia,TRUE,dyspepsia,sub_priorhistory_false,vax
cox_ipw-cohort_vax-sub_priorhistory_false-gallstones_disease,TRUE,gallstones_disease,sub_priorhistory_false,vax
cox_ipw-cohort_vax-sub_priorhistory_false-gastro_oesophageal_reflux_disease,TRUE,gastro_oesophageal_reflux_disease,sub_priorhistory_false,vax
cox_ipw-cohort_vax-sub_priorhistory_false-ibs,TRUE,ibs,sub_priorhistory_false,vax
cox_ipw-cohort_vax-sub_priorhistory_false-lower_gi_bleeding,TRUE,lower_gi_bleeding,sub_priorhistory_false,vax
cox_ipw-cohort_vax-sub_priorhistory_false-nonalcoholic_steatohepatitis,TRUE,nonalcoholic_steatohepatitis,sub_priorhistory_false,vax
cox_ipw-cohort_vax-sub_priorhistory_false-nonvariceal_gi_bleeding,TRUE,nonvariceal_gi_bleeding,sub_priorhistory_false,vax
cox_ipw-cohort_vax-sub_priorhistory_false-peptic_ulcer,TRUE,peptic_ulcer,sub_priorhistory_false,vax
cox_ipw-cohort_vax-sub_priorhistory_false-upper_gi_bleeding,TRUE,upper_gi_bleeding,sub_priorhistory_false,vax
cox_ipw-cohort_vax-sub_priorhistory_false-variceal_gi_bleeding,TRUE,variceal_gi_bleeding,sub_priorhistory_false,vax
cox_ipw-cohort_prevax-sub_priorhistory_true-acute_pancreatitis,TRUE,acute_pancreatitis,sub_priorhistory_true,prevax
cox_ipw-cohort_prevax-sub_priorhistory_true-appendicitis,TRUE,appendicitis,sub_priorhistory_true,prevax
cox_ipw-cohort_prevax-sub_priorhistory_true-dyspepsia,TRUE,dyspepsia,sub_priorhistory_true,prevax
cox_ipw-cohort_prevax-sub_priorhistory_true-gallstones_disease,TRUE,gallstones_disease,sub_priorhistory_true,prevax
cox_ipw-cohort_prevax-sub_priorhistory_true-gastro_oesophageal_reflux_disease,TRUE,gastro_oesophageal_reflux_disease,sub_priorhistory_true,prevax
cox_ipw-cohort_prevax-sub_priorhistory_true-ibs,TRUE,ibs,sub_priorhistory_true,prevax
cox_ipw-cohort_prevax-sub_priorhistory_true-lower_gi_bleeding,TRUE,lower_gi_bleeding,sub_priorhistory_true,prevax
cox_ipw-cohort_prevax-sub_priorhistory_true-nonalcoholic_steatohepatitis,TRUE,nonalcoholic_steatohepatitis,sub_priorhistory_true,prevax
cox_ipw-cohort_prevax-sub_priorhistory_true-nonvariceal_gi_bleeding,TRUE,nonvariceal_gi_bleeding,sub_priorhistory_true,prevax
cox_ipw-cohort_prevax-sub_priorhistory_true-peptic_ulcer,TRUE,peptic_ulcer,sub_priorhistory_true,prevax
cox_ipw-cohort_prevax-sub_priorhistory_true-upper_gi_bleeding,TRUE,upper_gi_bleeding,sub_priorhistory_true,prevax
cox_ipw-cohort_prevax-sub_priorhistory_true-variceal_gi_bleeding,TRUE,variceal_gi_bleeding,sub_priorhistory_true,prevax
cox_ipw-cohort_unvax-sub_priorhistory_true-acute_pancreatitis,TRUE,acute_pancreatitis,sub_priorhistory_true,unvax
cox_ipw-cohort_unvax-sub_priorhistory_true-appendicitis,TRUE,appendicitis,sub_priorhistory_true,unvax
cox_ipw-cohort_unvax-sub_priorhistory_true-dyspepsia,TRUE,dyspepsia,sub_priorhistory_true,unvax
cox_ipw-cohort_unvax-sub_priorhistory_true-gallstones_disease,TRUE,gallstones_disease,sub_priorhistory_true,unvax
cox_ipw-cohort_unvax-sub_priorhistory_true-gastro_oesophageal_reflux_disease,TRUE,gastro_oesophageal_reflux_disease,sub_priorhistory_true,unvax
cox_ipw-cohort_unvax-sub_priorhistory_true-ibs,TRUE,ibs,sub_priorhistory_true,unvax
cox_ipw-cohort_unvax-sub_priorhistory_true-lower_gi_bleeding,TRUE,lower_gi_bleeding,sub_priorhistory_true,unvax
cox_ipw-cohort_unvax-sub_priorhistory_true-nonalcoholic_steatohepatitis,TRUE,nonalcoholic_steatohepatitis,sub_priorhistory_true,unvax
cox_ipw-cohort_unvax-sub_priorhistory_true-nonvariceal_gi_bleeding,TRUE,nonvariceal_gi_bleeding,sub_priorhistory_true,unvax
cox_ipw-cohort_unvax-sub_priorhistory_true-peptic_ulcer,TRUE,peptic_ulcer,sub_priorhistory_true,unvax
cox_ipw-cohort_unvax-sub_priorhistory_true-upper_gi_bleeding,TRUE,upper_gi_bleeding,sub_priorhistory_true,unvax
cox_ipw-cohort_unvax-sub_priorhistory_true-variceal_gi_bleeding,TRUE,variceal_gi_bleeding,sub_priorhistory_true,unvax
cox_ipw-cohort_vax-sub_priorhistory_true-acute_pancreatitis,TRUE,acute_pancreatitis,sub_priorhistory_true,vax
cox_ipw-cohort_vax-sub_priorhistory_true-appendicitis,TRUE,appendicitis,sub_priorhistory_true,vax
cox_ipw-cohort_vax-sub_priorhistory_true-dyspepsia,TRUE,dyspepsia,sub_priorhistory_true,vax
cox_ipw-cohort_vax-sub_priorhistory_true-gallstones_disease,TRUE,gallstones_disease,sub_priorhistory_true,vax
cox_ipw-cohort_vax-sub_priorhistory_true-gastro_oesophageal_reflux_disease,TRUE,gastro_oesophageal_reflux_disease,sub_priorhistory_true,vax
cox_ipw-cohort_vax-sub_priorhistory_true-ibs,TRUE,ibs,sub_priorhistory_true,vax
cox_ipw-cohort_vax-sub_priorhistory_true-lower_gi_bleeding,TRUE,lower_gi_bleeding,sub_priorhistory_true,vax
cox_ipw-cohort_vax-sub_priorhistory_true-nonalcoholic_steatohepatitis,TRUE,nonalcoholic_steatohepatitis,sub_priorhistory_true,vax
cox_ipw-cohort_vax-sub_priorhistory_true-nonvariceal_gi_bleeding,TRUE,nonvariceal_gi_bleeding,sub_priorhistory_true,vax
cox_ipw-cohort_vax-sub_priorhistory_true-peptic_ulcer,TRUE,peptic_ulcer,sub_priorhistory_true,vax
cox_ipw-cohort_vax-sub_priorhistory_true-upper_gi_bleeding,TRUE,upper_gi_bleeding,sub_priorhistory_true,vax
cox_ipw-cohort_vax-sub_priorhistory_true-variceal_gi_bleeding,TRUE,variceal_gi_bleeding,sub_priorhistory_true,vax
cox_ipw-cohort_prevax-sub_prioroperations_false-acute_pancreatitis,TRUE,acute_pancreatitis,sub_prioroperations_false,prevax
cox_ipw-cohort_prevax-sub_prioroperations_false-appendicitis,TRUE,appendicitis,sub_prioroperations_false,prevax
cox_ipw-cohort_prevax-sub_prioroperations_false-dyspepsia,TRUE,dyspepsia,sub_prioroperations_false,prevax
cox_ipw-cohort_prevax-sub_prioroperations_false-gallstones_disease,TRUE,gallstones_disease,sub_prioroperations_false,prevax
cox_ipw-cohort_prevax-sub_prioroperations_false-gastro_oesophageal_reflux_disease,TRUE,gastro_oesophageal_reflux_disease,sub_prioroperations_false,prevax
cox_ipw-cohort_prevax-sub_prioroperations_false-ibs,TRUE,ibs,sub_prioroperations_false,prevax
cox_ipw-cohort_prevax-sub_prioroperations_false-lower_gi_bleeding,TRUE,lower_gi_bleeding,sub_prioroperations_false,prevax
cox_ipw-cohort_prevax-sub_prioroperations_false-nonalcoholic_steatohepatitis,TRUE,nonalcoholic_steatohepatitis,sub_prioroperations_false,prevax
cox_ipw-cohort_prevax-sub_prioroperations_false-nonvariceal_gi_bleeding,TRUE,nonvariceal_gi_bleeding,sub_prioroperations_false,prevax
cox_ipw-cohort_prevax-sub_prioroperations_false-peptic_ulcer,TRUE,peptic_ulcer,sub_prioroperations_false,prevax
cox_ipw-cohort_prevax-sub_prioroperations_false-upper_gi_bleeding,TRUE,upper_gi_bleeding,sub_prioroperations_false,prevax
cox_ipw-cohort_prevax-sub_prioroperations_false-variceal_gi_bleeding,TRUE,variceal_gi_bleeding,sub_prioroperations_false,prevax
cox_ipw-cohort_unvax-sub_prioroperations_false-acute_pancreatitis,TRUE,acute_pancreatitis,sub_prioroperations_false,unvax
cox_ipw-cohort_unvax-sub_prioroperations_false-appendicitis,TRUE,appendicitis,sub_prioroperations_false,unvax
cox_ipw-cohort_unvax-sub_prioroperations_false-dyspepsia,TRUE,dyspepsia,sub_prioroperations_false,unvax
cox_ipw-cohort_unvax-sub_prioroperations_false-gallstones_disease,TRUE,gallstones_disease,sub_prioroperations_false,unvax
cox_ipw-cohort_unvax-sub_prioroperations_false-gastro_oesophageal_reflux_disease,TRUE,gastro_oesophageal_reflux_disease,sub_prioroperations_false,unvax
cox_ipw-cohort_unvax-sub_prioroperations_false-ibs,TRUE,ibs,sub_prioroperations_false,unvax
cox_ipw-cohort_unvax-sub_prioroperations_false-lower_gi_bleeding,TRUE,lower_gi_bleeding,sub_prioroperations_false,unvax
cox_ipw-cohort_unvax-sub_prioroperations_false-nonalcoholic_steatohepatitis,TRUE,nonalcoholic_steatohepatitis,sub_prioroperations_false,unvax
cox_ipw-cohort_unvax-sub_prioroperations_false-nonvariceal_gi_bleeding,TRUE,nonvariceal_gi_bleeding,sub_prioroperations_false,unvax
cox_ipw-cohort_unvax-sub_prioroperations_false-peptic_ulcer,TRUE,peptic_ulcer,sub_prioroperations_false,unvax
cox_ipw-cohort_unvax-sub_prioroperations_false-upper_gi_bleeding,TRUE,upper_gi_bleeding,sub_prioroperations_false,unvax
cox_ipw-cohort_unvax-sub_prioroperations_false-variceal_gi_bleeding,TRUE,variceal_gi_bleeding,sub_prioroperations_false,unvax
cox_ipw-cohort_vax-sub_prioroperations_false-acute_pancreatitis,TRUE,acute_pancreatitis,sub_prioroperations_false,vax
cox_ipw-cohort_vax-sub_prioroperations_false-appendicitis,TRUE,appendicitis,sub_prioroperations_false,vax
cox_ipw-cohort_vax-sub_prioroperations_false-dyspepsia,TRUE,dyspepsia,sub_prioroperations_false,vax
cox_ipw-cohort_vax-sub_prioroperations_false-gallstones_disease,TRUE,gallstones_disease,sub_prioroperations_false,vax
cox_ipw-cohort_vax-sub_prioroperations_false-gastro_oesophageal_reflux_disease,TRUE,gastro_oesophageal_reflux_disease,sub_prioroperations_false,vax
cox_ipw-cohort_vax-sub_prioroperations_false-ibs,TRUE,ibs,sub_prioroperations_false,vax
cox_ipw-cohort_vax-sub_prioroperations_false-lower_gi_bleeding,TRUE,lower_gi_bleeding,sub_prioroperations_false,vax
cox_ipw-cohort_vax-sub_prioroperations_false-nonalcoholic_steatohepatitis,TRUE,nonalcoholic_steatohepatitis,sub_prioroperations_false,vax
cox_ipw-cohort_vax-sub_prioroperations_false-nonvariceal_gi_bleeding,TRUE,nonvariceal_gi_bleeding,sub_prioroperations_false,vax
cox_ipw-cohort_vax-sub_prioroperations_false-peptic_ulcer,TRUE,peptic_ulcer,sub_prioroperations_false,vax
cox_ipw-cohort_vax-sub_prioroperations_false-upper_gi_bleeding,TRUE,upper_gi_bleeding,sub_prioroperations_false,vax
cox_ipw-cohort_vax-sub_prioroperations_false-variceal_gi_bleeding,TRUE,variceal_gi_bleeding,sub_prioroperations_false,vax
cox_ipw-cohort_prevax-sub_prioroperations_true-acute_pancreatitis,TRUE,acute_pancreatitis,sub_prioroperations_true,prevax
cox_ipw-cohort_prevax-sub_prioroperations_true-appendicitis,TRUE,appendicitis,sub_prioroperations_true,prevax
cox_ipw-cohort_prevax-sub_prioroperations_true-dyspepsia,TRUE,dyspepsia,sub_prioroperations_true,prevax
cox_ipw-cohort_prevax-sub_prioroperations_true-gallstones_disease,TRUE,gallstones_disease,sub_prioroperations_true,prevax
cox_ipw-cohort_prevax-sub_prioroperations_true-gastro_oesophageal_reflux_disease,TRUE,gastro_oesophageal_reflux_disease,sub_prioroperations_true,prevax
cox_ipw-cohort_prevax-sub_prioroperations_true-ibs,TRUE,ibs,sub_prioroperations_true,prevax
cox_ipw-cohort_prevax-sub_prioroperations_true-lower_gi_bleeding,TRUE,lower_gi_bleeding,sub_prioroperations_true,prevax
cox_ipw-cohort_prevax-sub_prioroperations_true-nonalcoholic_steatohepatitis,TRUE,nonalcoholic_steatohepatitis,sub_prioroperations_true,prevax
cox_ipw-cohort_prevax-sub_prioroperations_true-nonvariceal_gi_bleeding,TRUE,nonvariceal_gi_bleeding,sub_prioroperations_true,prevax
cox_ipw-cohort_prevax-sub_prioroperations_true-peptic_ulcer,TRUE,peptic_ulcer,sub_prioroperations_true,prevax
cox_ipw-cohort_prevax-sub_prioroperations_true-upper_gi_bleeding,TRUE,upper_gi_bleeding,sub_prioroperations_true,prevax
cox_ipw-cohort_prevax-sub_prioroperations_true-variceal_gi_bleeding,TRUE,variceal_gi_bleeding,sub_prioroperations_true,prevax
cox_ipw-cohort_unvax-sub_prioroperations_true-acute_pancreatitis,TRUE,acute_pancreatitis,sub_prioroperations_true,unvax
cox_ipw-cohort_unvax-sub_prioroperations_true-appendicitis,TRUE,appendicitis,sub_prioroperations_true,unvax
cox_ipw-cohort_unvax-sub_prioroperations_true-dyspepsia,TRUE,dyspepsia,sub_prioroperations_true,unvax
cox_ipw-cohort_unvax-sub_prioroperations_true-gallstones_disease,TRUE,gallstones_disease,sub_prioroperations_true,unvax
cox_ipw-cohort_unvax-sub_prioroperations_true-gastro_oesophageal_reflux_disease,TRUE,gastro_oesophageal_reflux_disease,sub_prioroperations_true,unvax
cox_ipw-cohort_unvax-sub_prioroperations_true-ibs,TRUE,ibs,sub_prioroperations_true,unvax
cox_ipw-cohort_unvax-sub_prioroperations_true-lower_gi_bleeding,TRUE,lower_gi_bleeding,sub_prioroperations_true,unvax
cox_ipw-cohort_unvax-sub_prioroperations_true-nonalcoholic_steatohepatitis,TRUE,nonalcoholic_steatohepatitis,sub_prioroperations_true,unvax
cox_ipw-cohort_unvax-sub_prioroperations_true-nonvariceal_gi_bleeding,TRUE,nonvariceal_gi_bleeding,sub_prioroperations_true,unvax
cox_ipw-cohort_unvax-sub_prioroperations_true-peptic_ulcer,TRUE,peptic_ulcer,sub_prioroperations_true,unvax
cox_ipw-cohort_unvax-sub_prioroperations_true-upper_gi_bleeding,TRUE,upper_gi_bleeding,sub_prioroperations_true,unvax
cox_ipw-cohort_unvax-sub_prioroperations_true-variceal_gi_bleeding,TRUE,variceal_gi_bleeding,sub_prioroperations_true,unvax
cox_ipw-cohort_vax-sub_prioroperations_true-acute_pancreatitis,TRUE,acute_pancreatitis,sub_prioroperations_true,vax
cox_ipw-cohort_vax-sub_prioroperations_true-appendicitis,TRUE,appendicitis,sub_prioroperations_true,vax
cox_ipw-cohort_vax-sub_prioroperations_true-dyspepsia,TRUE,dyspepsia,sub_prioroperations_true,vax
cox_ipw-cohort_vax-sub_prioroperations_true-gallstones_disease,TRUE,gallstones_disease,sub_prioroperations_true,vax
cox_ipw-cohort_vax-sub_prioroperations_true-gastro_oesophageal_reflux_disease,TRUE,gastro_oesophageal_reflux_disease,sub_prioroperations_true,vax
cox_ipw-cohort_vax-sub_prioroperations_true-ibs,TRUE,ibs,sub_prioroperations_true,vax
cox_ipw-cohort_vax-sub_prioroperations_true-lower_gi_bleeding,TRUE,lower_gi_bleeding,sub_prioroperations_true,vax
cox_ipw-cohort_vax-sub_prioroperations_true-nonalcoholic_steatohepatitis,TRUE,nonalcoholic_steatohepatitis,sub_prioroperations_true,vax
cox_ipw-cohort_vax-sub_prioroperations_true-nonvariceal_gi_bleeding,TRUE,nonvariceal_gi_bleeding,sub_prioroperations_true,vax
cox_ipw-cohort_vax-sub_prioroperations_true-peptic_ulcer,TRUE,peptic_ulcer,sub_prioroperations_true,vax
cox_ipw-cohort_vax-sub_prioroperations_true-upper_gi_bleeding,TRUE,upper_gi_bleeding,sub_prioroperations_true,vax
cox_ipw-cohort_vax-sub_prioroperations_true-variceal_gi_bleeding,TRUE,variceal_gi_bleeding,sub_prioroperations_true,vax
cox_ipw-cohort_prevax-sub_sex_female-acute_pancreatitis,TRUE,acute_pancreatitis,sub_sex_female,prevax
cox_ipw-cohort_prevax-sub_sex_female-appendicitis,TRUE,appendicitis,sub_sex_female,prevax
cox_ipw-cohort_prevax-sub_sex_female-dyspepsia,TRUE,dyspepsia,sub_sex_female,prevax
cox_ipw-cohort_prevax-sub_sex_female-gallstones_disease,TRUE,gallstones_disease,sub_sex_female,prevax
cox_ipw-cohort_prevax-sub_sex_female-gastro_oesophageal_reflux_disease,TRUE,gastro_oesophageal_reflux_disease,sub_sex_female,prevax
cox_ipw-cohort_prevax-sub_sex_female-ibs,TRUE,ibs,sub_sex_female,prevax
cox_ipw-cohort_prevax-sub_sex_female-lower_gi_bleeding,TRUE,lower_gi_bleeding,sub_sex_female,prevax
cox_ipw-cohort_prevax-sub_sex_female-nonalcoholic_steatohepatitis,TRUE,nonalcoholic_steatohepatitis,sub_sex_female,prevax
cox_ipw-cohort_prevax-sub_sex_female-nonvariceal_gi_bleeding,TRUE,nonvariceal_gi_bleeding,sub_sex_female,prevax
cox_ipw-cohort_prevax-sub_sex_female-peptic_ulcer,TRUE,peptic_ulcer,sub_sex_female,prevax
cox_ipw-cohort_prevax-sub_sex_female-upper_gi_bleeding,TRUE,upper_gi_bleeding,sub_sex_female,prevax
cox_ipw-cohort_prevax-sub_sex_female-variceal_gi_bleeding,TRUE,variceal_gi_bleeding,sub_sex_female,prevax
cox_ipw-cohort_unvax-sub_sex_female-acute_pancreatitis,TRUE,acute_pancreatitis,sub_sex_female,unvax
cox_ipw-cohort_unvax-sub_sex_female-appendicitis,TRUE,appendicitis,sub_sex_female,unvax
cox_ipw-cohort_unvax-sub_sex_female-dyspepsia,TRUE,dyspepsia,sub_sex_female,unvax
cox_ipw-cohort_unvax-sub_sex_female-gallstones_disease,TRUE,gallstones_disease,sub_sex_female,unvax
cox_ipw-cohort_unvax-sub_sex_female-gastro_oesophageal_reflux_disease,TRUE,gastro_oesophageal_reflux_disease,sub_sex_female,unvax
cox_ipw-cohort_unvax-sub_sex_female-ibs,TRUE,ibs,sub_sex_female,unvax
cox_ipw-cohort_unvax-sub_sex_female-lower_gi_bleeding,TRUE,lower_gi_bleeding,sub_sex_female,unvax
cox_ipw-cohort_unvax-sub_sex_female-nonalcoholic_steatohepatitis,TRUE,nonalcoholic_steatohepatitis,sub_sex_female,unvax
cox_ipw-cohort_unvax-sub_sex_female-nonvariceal_gi_bleeding,TRUE,nonvariceal_gi_bleeding,sub_sex_female,unvax
cox_ipw-cohort_unvax-sub_sex_female-peptic_ulcer,TRUE,peptic_ulcer,sub_sex_female,unvax
cox_ipw-cohort_unvax-sub_sex_female-upper_gi_bleeding,TRUE,upper_gi_bleeding,sub_sex_female,unvax
cox_ipw-cohort_unvax-sub_sex_female-variceal_gi_bleeding,TRUE,variceal_gi_bleeding,sub_sex_female,unvax
cox_ipw-cohort_vax-sub_sex_female-acute_pancreatitis,TRUE,acute_pancreatitis,sub_sex_female,vax
cox_ipw-cohort_vax-sub_sex_female-appendicitis,TRUE,appendicitis,sub_sex_female,vax
cox_ipw-cohort_vax-sub_sex_female-dyspepsia,TRUE,dyspepsia,sub_sex_female,vax
cox_ipw-cohort_vax-sub_sex_female-gallstones_disease,TRUE,gallstones_disease,sub_sex_female,vax
cox_ipw-cohort_vax-sub_sex_female-gastro_oesophageal_reflux_disease,TRUE,gastro_oesophageal_reflux_disease,sub_sex_female,vax
cox_ipw-cohort_vax-sub_sex_female-ibs,TRUE,ibs,sub_sex_female,vax
cox_ipw-cohort_vax-sub_sex_female-lower_gi_bleeding,TRUE,lower_gi_bleeding,sub_sex_female,vax
cox_ipw-cohort_vax-sub_sex_female-nonalcoholic_steatohepatitis,TRUE,nonalcoholic_steatohepatitis,sub_sex_female,vax
cox_ipw-cohort_vax-sub_sex_female-nonvariceal_gi_bleeding,TRUE,nonvariceal_gi_bleeding,sub_sex_female,vax
cox_ipw-cohort_vax-sub_sex_female-peptic_ulcer,TRUE,peptic_ulcer,sub_sex_female,vax
cox_ipw-cohort_vax-sub_sex_female-upper_gi_bleeding,TRUE,upper_gi_bleeding,sub_sex_female,vax
cox_ipw-cohort_vax-sub_sex_female-variceal_gi_bleeding,TRUE,variceal_gi_bleeding,sub_sex_female,vax
cox_ipw-cohort_prevax-sub_sex_male-acute_pancreatitis,TRUE,acute_pancreatitis,sub_sex_male,prevax
cox_ipw-cohort_prevax-sub_sex_male-appendicitis,TRUE,appendicitis,sub_sex_male,prevax
cox_ipw-cohort_prevax-sub_sex_male-dyspepsia,TRUE,dyspepsia,sub_sex_male,prevax
cox_ipw-cohort_prevax-sub_sex_male-gallstones_disease,TRUE,gallstones_disease,sub_sex_male,prevax
cox_ipw-cohort_prevax-sub_sex_male-gastro_oesophageal_reflux_disease,TRUE,gastro_oesophageal_reflux_disease,sub_sex_male,prevax
cox_ipw-cohort_prevax-sub_sex_male-ibs,TRUE,ibs,sub_sex_male,prevax
cox_ipw-cohort_prevax-sub_sex_male-lower_gi_bleeding,TRUE,lower_gi_bleeding,sub_sex_male,prevax
cox_ipw-cohort_prevax-sub_sex_male-nonalcoholic_steatohepatitis,TRUE,nonalcoholic_steatohepatitis,sub_sex_male,prevax
cox_ipw-cohort_prevax-sub_sex_male-nonvariceal_gi_bleeding,TRUE,nonvariceal_gi_bleeding,sub_sex_male,prevax
cox_ipw-cohort_prevax-sub_sex_male-peptic_ulcer,TRUE,peptic_ulcer,sub_sex_male,prevax
cox_ipw-cohort_prevax-sub_sex_male-upper_gi_bleeding,TRUE,upper_gi_bleeding,sub_sex_male,prevax
cox_ipw-cohort_prevax-sub_sex_male-variceal_gi_bleeding,TRUE,variceal_gi_bleeding,sub_sex_male,prevax
cox_ipw-cohort_unvax-sub_sex_male-acute_pancreatitis,TRUE,acute_pancreatitis,sub_sex_male,unvax
cox_ipw-cohort_unvax-sub_sex_male-appendicitis,TRUE,appendicitis,sub_sex_male,unvax
cox_ipw-cohort_unvax-sub_sex_male-dyspepsia,TRUE,dyspepsia,sub_sex_male,unvax
cox_ipw-cohort_unvax-sub_sex_male-gallstones_disease,TRUE,gallstones_disease,sub_sex_male,unvax
cox_ipw-cohort_unvax-sub_sex_male-gastro_oesophageal_reflux_disease,TRUE,gastro_oesophageal_reflux_disease,sub_sex_male,unvax
cox_ipw-cohort_unvax-sub_sex_male-ibs,TRUE,ibs,sub_sex_male,unvax
cox_ipw-cohort_unvax-sub_sex_male-lower_gi_bleeding,TRUE,lower_gi_bleeding,sub_sex_male,unvax
cox_ipw-cohort_unvax-sub_sex_male-nonalcoholic_steatohepatitis,TRUE,nonalcoholic_steatohepatitis,sub_sex_male,unvax
cox_ipw-cohort_unvax-sub_sex_male-nonvariceal_gi_bleeding,TRUE,nonvariceal_gi_bleeding,sub_sex_male,unvax
cox_ipw-cohort_unvax-sub_sex_male-peptic_ulcer,TRUE,peptic_ulcer,sub_sex_male,unvax
cox_ipw-cohort_unvax-sub_sex_male-upper_gi_bleeding,TRUE,upper_gi_bleeding,sub_sex_male,unvax
cox_ipw-cohort_unvax-sub_sex_male-variceal_gi_bleeding,TRUE,variceal_gi_bleeding,sub_sex_male,unvax
cox_ipw-cohort_vax-sub_sex_male-acute_pancreatitis,TRUE,acute_pancreatitis,sub_sex_male,vax
cox_ipw-cohort_vax-sub_sex_male-appendicitis,TRUE,appendicitis,sub_sex_male,vax
cox_ipw-cohort_vax-sub_sex_male-dyspepsia,TRUE,dyspepsia,sub_sex_male,vax
cox_ipw-cohort_vax-sub_sex_male-gallstones_disease,TRUE,gallstones_disease,sub_sex_male,vax
cox_ipw-cohort_vax-sub_sex_male-gastro_oesophageal_reflux_disease,TRUE,gastro_oesophageal_reflux_disease,sub_sex_male,vax
cox_ipw-cohort_vax-sub_sex_male-ibs,TRUE,ibs,sub_sex_male,vax
cox_ipw-cohort_vax-sub_sex_male-lower_gi_bleeding,TRUE,lower_gi_bleeding,sub_sex_male,vax
cox_ipw-cohort_vax-sub_sex_male-nonalcoholic_steatohepatitis,TRUE,nonalcoholic_steatohepatitis,sub_sex_male,vax
cox_ipw-cohort_vax-sub_sex_male-nonvariceal_gi_bleeding,TRUE,nonvariceal_gi_bleeding,sub_sex_male,vax
cox_ipw-cohort_vax-sub_sex_male-peptic_ulcer,TRUE,peptic_ulcer,sub_sex_male,vax
cox_ipw-cohort_vax-sub_sex_male-upper_gi_bleeding,TRUE,upper_gi_bleeding,sub_sex_male,vax
cox_ipw-cohort_vax-sub_sex_male-variceal_gi_bleeding,TRUE,variceal_gi_bleeding,sub_sex_male,vax
